Timestamp;Value
2001-01-11;225
2001-02-11;222
2001-03-11;222
2001-04-11;219
2001-05-11;218
2001-06-11;218
2001-07-11;217
2001-08-11;187
2001-10-20;253
2001-10-21;252
2001-10-22;251
2001-10-23;250
2001-10-24;249
2001-10-25;245
2001-10-26;243
2001-10-27;224
2001-10-28;218
2001-10-29;220
2001-10-30;217
2001-10-31;221
2001-11-01;225
2001-11-02;222
2001-11-03;222
2001-11-04;219
2001-11-05;218
2001-11-06;218
2001-11-07;217
2001-11-08;187
2001-11-14;96
2001-11-15;88
2001-11-16;95
2001-11-17;110
2001-11-18;119
2001-11-19;126
2001-11-20;130
2001-11-21;157
2002-04-01;163
2002-04-02;162
2002-04-03;160
2002-04-04;162
2002-04-05;166
2002-04-06;165
2002-04-07;167
2002-04-08;172
2002-04-09;177
2002-04-10;172
2002-04-11;168
2002-04-12;174
2002-04-13;175
2002-04-14;182
2002-04-15;185
2002-04-16;297
2002-04-17;225
2002-04-18;228
2002-04-19;244
2002-04-20;255
2002-04-21;169
2002-04-22;172
2002-04-23;240
2002-04-24;185
2002-04-25;195
2002-04-29;256
2002-04-30;311
2002-05-01;266
2002-05-03;258
2002-05-04;272
2002-05-05;422
2002-05-06;457
2002-05-07;436
2002-05-08;416
2002-05-09;395
2002-05-10;385
2002-05-11;389
2002-05-12;438
2002-05-13;484
2002-05-14;510
2002-05-15;524
2002-05-16;536
2002-05-17;545
2002-05-18;553
2002-05-19;554
2002-05-20;536
2002-05-21;514
2002-05-22;485
2002-05-23;459
2002-05-24;439
2002-05-25;423
2002-05-26;455
2002-05-27;533
2002-05-28;540
2002-05-29;524
2002-05-30;511
2002-05-31;484
2002-06-01;459
2002-06-02;440
2002-06-03;434
2002-06-04;466
2002-06-05;474
2002-06-06;453
2002-06-07;417
2002-06-08;392
2002-06-09;376
2002-06-10;351
2002-06-11;336
2002-06-12;325
2002-06-13;322
2002-06-14;317
2002-06-15;309
2002-06-16;301
2002-06-17;289
2002-06-18;288
2002-06-19;304
2002-06-20;305
2002-06-21;291
2002-06-22;274
2002-06-23;271
2002-06-24;279
2002-06-25;288
2002-06-26;294
2002-06-27;293
2002-06-28;285
2002-06-29;280
2002-06-30;276
2002-07-01;271
2002-07-02;261
2002-07-03;252
2002-07-04;243
2002-07-05;239
2002-07-06;247
2002-07-07;265
2002-07-08;279
2002-07-09;291
2002-07-10;311
2002-07-11;325
2002-07-12;332
2002-07-16;354
2002-07-17;382
2002-07-19;391
2002-07-23;323
2002-07-24;311
2002-07-26;300
2002-07-29;302
2002-07-30;303
2002-07-31;311
2002-08-01;358
2002-08-02;347
2002-08-03;336
2002-08-04;332
2002-08-05;332
2002-08-06;331
2002-08-07;332
2002-08-08;344
2002-08-09;376
2002-08-10;407
2002-08-11;415
2002-08-12;409
2002-08-13;392
2002-08-14;381
2002-08-15;333
2002-08-16;310
2002-08-18;283
2002-08-20;276
2002-08-21;280
2002-08-22;275
2002-08-23;270
2002-08-24;253
2002-08-25;241
2002-08-26;239
2002-08-27;239
2002-08-28;240
2002-08-29;246
2002-08-30;245
2002-08-31;246
2002-09-01;253
2002-09-02;259
2002-09-03;263
2002-09-04;269
2002-09-05;274
2002-09-06;261
2002-09-07;271
2002-09-08;306
2002-09-09;374
2002-09-10;398
2002-09-11;375
2002-09-12;347
2002-09-13;328
2002-09-14;313
2002-09-15;305
2002-09-16;300
2002-09-17;292
2002-09-18;286
2002-09-19;289
2002-09-20;281
2002-09-21;273
2002-09-22;268
2002-09-23;264
2002-09-24;260
2002-09-25;254
2002-09-26;251
2002-09-27;247
2002-09-28;247
2002-09-29;247
2002-09-30;246
2002-10-01;240
2002-10-02;237
2002-10-03;236
2002-10-04;230
2002-10-05;229
2002-10-06;224
2002-10-07;217
2002-10-08;213
2002-10-09;213
2002-10-10;211
2002-10-11;208
2002-10-12;207
2002-10-13;217
2002-10-14;217
2002-10-15;215
2002-10-16;212
2002-10-17;212
2002-10-18;210
2002-10-19;210
2002-10-20;211
2002-10-21;211
2002-10-22;213
2002-10-23;214
2002-10-24;214
2002-10-25;210
2002-10-26;207
2002-10-27;202
2002-10-28;199
2002-10-29;201
2002-10-30;202
2002-10-31;189
2002-11-01;166
2002-11-02;140
2002-11-03;110
2002-11-04;102
2002-11-05;110
2002-11-06;126
2002-11-07;137
2002-11-08;129
2002-11-09;110
2002-11-10;103
2002-11-11;103
2002-11-12;101
2002-11-13;99
2002-11-15;81
2002-11-16;81
2002-11-17;97
2002-11-18;100
2002-11-19;104
2002-11-20;113
2003-03-01;166
2003-03-02;157
2003-03-03;154
2003-03-04;148
2003-03-05;166
2003-03-06;172
2003-03-07;177
2003-03-08;162
2003-03-09;144
2003-03-10;148
2003-03-16;163
2003-03-17;165
2003-03-18;167
2003-03-19;168
2003-03-20;168
2003-03-26;155
2003-03-27;154
2003-03-28;153
2003-03-29;152
2003-03-30;152
2003-03-31;154
2003-04-01;161
2003-04-02;169
2003-04-03;172
2003-04-04;174
2003-04-05;175
2003-04-06;175
2003-04-07;176
2003-04-08;176
2003-04-09;181
2003-04-10;191
2003-04-11;215
2003-04-12;229
2003-04-13;226
2003-04-14;218
2003-04-15;211
2003-04-16;264
2003-04-17;268
2003-04-18;272
2003-04-19;282
2003-04-20;169
2003-04-21;132
2003-04-22;142
2003-04-23;144
2003-04-24;133
2003-04-25;143
2003-04-26;145
2003-04-27;163
2003-04-28;183
2003-04-29;182
2003-04-30;191
2003-05-01;193
2003-05-02;208
2003-05-03;212
2003-05-04;214
2003-05-05;211
2003-05-06;198
2003-05-07;193
2003-05-08;189
2003-05-09;208
2003-05-10;222
2003-05-11;206
2003-05-12;200
2003-05-13;191
2003-05-14;188
2003-05-15;175
2003-05-16;168
2003-05-17;170
2003-05-18;172
2003-05-19;175
2003-05-20;175
2003-05-21;179
2003-05-22;185
2003-05-23;185
2003-05-24;187
2003-05-25;190
2003-05-26;192
2003-06-01;279
2003-06-02;311
2003-06-03;337
2003-06-04;354
2003-06-05;402
2003-06-06;435
2003-06-07;419
2003-06-08;404
2003-06-09;387
2003-06-10;362
2003-06-11;342
2003-06-12;316
2003-06-13;291
2003-06-14;362
2003-06-15;392
2003-06-16;398
2003-06-17;384
2003-06-18;366
2003-06-19;345
2003-06-20;328
2003-06-21;304
2003-06-22;296
2003-06-23;286
2003-06-24;284
2003-06-25;264
2003-06-26;258
2003-06-27;306
2003-06-28;327
2003-06-29;353
2003-06-30;369
2003-07-01;370
2003-07-02;356
2003-07-03;366
2003-07-04;447
2003-07-05;575
2003-07-06;648
2003-07-07;686
2003-07-08;737
2003-07-09;692
2003-07-10;676
2003-07-11;664
2003-07-12;662
2003-07-13;655
2003-07-14;631
2003-07-15;618
2003-07-16;609
2003-07-24;639
2003-07-25;609
2003-07-26;579
2003-07-27;549
2003-07-28;517
2003-07-29;502
2003-07-30;502
2003-07-31;502
2003-08-01;504
2003-08-02;577
2003-08-03;649
2003-08-04;744
2003-08-05;780
2003-08-06;792
2003-08-07;787
2003-08-08;759
2003-08-09;705
2003-08-10;639
2003-08-11;598
2003-08-12;567
2003-08-13;548
2003-08-14;512
2003-08-15;496
2003-08-16;491
2003-08-17;501
2003-08-18;515
2003-08-19;541
2003-08-20;556
2003-08-21;558
2003-08-22;561
2003-08-23;572
2003-08-24;585
2003-08-25;598
2003-08-26;618
2003-08-27;637
2003-08-28;620
2003-08-29;591
2003-08-30;562
2003-08-31;541
2003-09-01;541
2003-09-02;567
2003-09-03;587
2003-09-04;577
2003-09-05;562
2003-09-06;522
2003-09-07;506
2003-09-08;494
2003-09-09;485
2003-09-10;471
2003-09-11;459
2003-09-12;451
2003-09-13;438
2003-09-14;424
2003-09-15;411
2003-09-16;411
2003-09-17;430
2003-09-18;447
2003-09-19;471
2003-09-20;513
2003-09-21;527
2003-09-22;547
2003-09-23;575
2003-09-24;582
2003-09-25;581
2003-09-26;569
2003-09-27;555
2003-09-28;539
2003-09-29;524
2003-09-30;529
2003-10-01;544
2003-10-02;539
2003-10-03;531
2003-10-04;515
2003-10-05;501
2003-10-06;481
2003-10-07;464
2003-10-08;445
2003-10-09;430
2003-10-10;416
2003-10-11;401
2003-10-12;389
2003-10-13;379
2003-10-14;364
2003-10-15;351
2003-10-16;350
2003-10-17;350
2003-10-18;350
2003-10-19;350
2003-10-20;348
2003-10-21;345
2003-10-22;343
2003-10-23;337
2003-10-24;329
2003-10-25;322
2003-10-26;317
2003-10-27;306
2003-10-28;298
2003-10-29;296
2003-10-30;286
2003-10-31;275
2003-11-01;271
2003-11-02;269
2003-11-03;265
2003-11-04;259
2003-11-05;236
2003-11-06;220
2003-11-07;210
2003-11-08;190
2003-11-09;169
2003-11-13;157
2003-11-14;166
2003-11-15;172
2003-11-16;182
2003-11-17;185
2003-11-19;182
2003-11-20;187
2004-03-21;212
2004-03-22;218
2004-03-23;225
2004-03-24;233
2004-03-25;232
2004-03-26;224
2004-03-27;210
2004-03-28;201
2004-03-29;199
2004-03-30;200
2004-03-31;200
2004-04-01;191
2004-04-02;199
2004-04-03;201
2004-04-04;204
2004-04-05;207
2004-04-06;212
2004-04-07;220
2004-04-08;250
2004-04-09;293
2004-04-10;319
2004-04-11;339
2004-04-12;358
2004-04-13;382
2004-04-14;397
2004-04-15;418
2004-04-16;506
2004-04-17;544
2004-04-18;527
2004-04-26;473
2004-04-27;511
2004-04-28;489
2004-04-29;486
2004-05-01;480
2004-05-02;502
2004-05-03;524
2004-05-04;549
2004-05-05;547
2004-05-07;569
2004-05-08;562
2004-05-09;572
2004-05-10;631
2004-05-11;673
2004-05-12;653
2004-05-13;640
2004-05-14;672
2004-05-15;712
2004-05-16;726
2004-05-17;722
2004-05-18;710
2004-05-19;696
2004-05-20;678
2004-06-22;316
2004-06-23;357
2004-06-24;424
2004-06-25;457
2004-06-26;455
2004-06-27;416
2004-06-28;378
2004-06-29;353
2004-06-30;333
2004-07-01;323
2004-07-02;319
2004-07-03;334
2004-07-04;351
2004-07-05;367
2004-07-06;360
2004-07-07;340
2004-07-08;321
2004-07-09;301
2004-07-10;289
2004-07-11;288
2004-07-12;288
2004-07-13;288
2004-07-14;287
2004-07-15;281
2004-07-16;267
2004-07-17;257
2004-07-18;251
2004-07-19;246
2004-07-20;241
2004-07-21;241
2004-07-22;244
2004-07-23;254
2004-07-24;266
2004-07-25;276
2004-07-26;289
2004-07-27;297
2004-07-28;329
2004-07-29;404
2004-07-30;456
2004-07-31;456
2004-08-01;416
2004-08-02;371
2004-08-03;343
2004-08-04;337
2004-08-05;336
2004-08-06;326
2004-08-07;312
2004-08-08;303
2004-08-09;297
2004-08-10;309
2004-08-11;370
2004-08-12;375
2004-08-13;359
2004-08-14;352
2004-08-15;360
2004-08-16;367
2004-08-17;385
2004-08-18;396
2004-08-19;389
2004-08-20;374
2004-08-21;362
2004-08-22;352
2004-08-24;332
2004-08-25;324
2004-08-26;316
2004-08-27;305
2004-08-28;296
2004-08-29;301
2004-08-30;310
2004-08-31;314
2004-09-01;318
2004-09-02;330
2004-09-03;355
2004-09-04;391
2004-09-05;476
2004-09-06;538
2004-09-07;536
2004-09-08;512
2004-09-09;487
2004-09-10;463
2004-09-11;446
2004-09-12;435
2004-09-13;423
2004-09-14;409
2004-09-15;392
2004-09-16;377
2004-09-17;371
2004-09-18;366
2004-09-19;363
2004-09-20;357
2004-09-21;354
2004-09-22;356
2004-09-23;372
2004-09-24;414
2004-09-25;451
2004-09-26;468
2004-09-27;453
2004-09-28;438
2004-09-29;428
2004-09-30;424
2004-10-01;416
2004-10-02;412
2004-10-03;424
2004-10-04;448
2004-10-05;463
2004-10-06;450
2004-10-07;426
2004-10-08;402
2004-10-09;388
2004-10-10;379
2004-10-11;374
2004-10-12;375
2004-10-13;377
2004-10-14;374
2004-10-15;365
2004-10-16;354
2004-10-17;348
2004-10-18;343
2004-10-19;336
2004-10-20;329
2004-10-21;321
2004-10-22;314
2004-10-23;307
2004-10-24;297
2004-10-25;293
2004-10-26;284
2004-10-27;274
2004-10-28;264
2004-10-29;254
2004-10-30;249
2004-10-31;242
2004-11-01;234
2004-11-02;230
2004-11-03;229
2004-11-04;213
2004-11-05;204
2004-11-06;199
2004-11-07;191
2004-11-08;178
2004-11-09;163
2004-11-11;142
2004-11-12;129
2004-11-13;108
2004-11-14;93
2004-11-15;68
2004-11-16;71
2004-11-17;80
2004-11-18;91
2004-11-19;104
2004-11-20;114
2004-11-21;112
2004-11-22;119
2004-11-23;128
2004-11-24;129
2004-11-25;141
2004-11-26;201
2004-11-27;297
2004-11-28;267
2004-11-29;287
2004-11-30;302
2005-03-16;172
2005-03-17;174
2005-03-18;172
2005-03-19;174
2005-03-20;174
2005-03-21;183
2005-03-22;189
2005-03-23;193
2005-03-24;200
2005-03-25;203
2005-03-26;202
2005-03-27;199
2005-03-28;199
2005-03-29;204
2005-03-30;209
2005-03-31;212
2005-04-01;213
2005-04-02;209
2005-04-03;202
2005-04-04;200
2005-04-05;202
2005-04-06;210
2005-04-07;217
2005-04-08;220
2005-04-09;215
2005-04-10;209
2005-04-11;206
2005-04-12;215
2005-04-13;224
2005-04-14;236
2005-04-15;242
2005-04-16;237
2005-04-17;230
2005-04-18;220
2005-04-19;217
2005-04-20;223
2005-04-21;269
2005-04-22;373
2005-04-23;412
2005-04-24;472
2005-04-25;235
2005-04-26;230
2005-04-27;226
2005-04-28;252
2005-04-29;219
2005-04-30;217
2005-05-01;248
2005-05-02;267
2005-05-03;330
2005-05-04;359
2005-05-05;367
2005-05-06;397
2005-05-07;378
2005-05-08;447
2005-05-09;454
2005-05-10;433
2005-05-11;434
2005-05-12;435
2005-05-13;431
2005-05-14;434
2005-05-15;445
2005-05-16;453
2005-05-17;463
2005-05-18;472
2005-05-19;476
2005-05-20;477
2005-05-21;490
2005-05-22;514
2005-05-23;561
2005-05-24;575
2005-05-25;565
2005-05-26;548
2005-05-27;526
2005-05-28;502
2005-05-29;480
2005-05-30;463
2005-05-31;455
2005-06-01;454
2005-06-02;455
2005-06-03;484
2005-06-04;569
2005-06-05;597
2005-06-06;573
2005-06-07;537
2005-06-08;516
2005-06-09;487
2005-06-10;452
2005-06-11;429
2005-06-12;425
2005-06-13;444
2005-06-14;478
2005-06-15;497
2005-06-16;498
2005-06-17;495
2005-06-18;496
2005-06-19;501
2005-06-20;515
2005-06-21;547
2005-06-22;574
2005-06-23;576
2005-06-24;535
2005-06-25;514
2005-06-26;506
2005-06-27;508
2005-06-28;508
2005-06-29;504
2005-06-30;495
2005-07-01;491
2005-07-02;483
2005-07-03;465
2005-07-04;442
2005-07-05;418
2005-07-06;396
2005-07-07;376
2005-07-08;358
2005-07-09;353
2005-07-10;389
2005-07-11;480
2005-07-12;587
2005-07-13;608
2005-07-14;580
2005-07-15;539
2005-07-16;504
2005-07-17;466
2005-07-18;443
2005-07-19;424
2005-07-20;411
2005-07-21;412
2005-07-22;408
2005-07-23;398
2005-07-24;390
2005-07-25;381
2005-07-26;369
2005-07-27;355
2005-07-28;344
2005-07-29;330
2005-07-30;313
2005-07-31;309
2005-08-01;305
2005-08-02;300
2005-08-03;289
2005-08-04;282
2005-08-05;273
2005-08-06;270
2005-08-07;275
2005-08-08;271
2005-08-09;263
2005-08-10;259
2005-08-11;261
2005-08-12;271
2005-08-13;275
2005-08-14;279
2005-08-15;280
2005-08-16;281
2005-08-17;276
2005-08-18;278
2005-08-19;283
2005-08-20;291
2005-08-21;293
2005-08-22;285
2005-08-23;292
2005-08-24;298
2005-08-25;292
2005-08-26;279
2005-08-29;257
2005-08-30;253
2005-08-31;239
2005-09-01;231
2005-09-02;225
2005-09-03;217
2005-09-04;225
2005-09-05;252
2005-09-06;283
2005-09-07;291
2005-09-08;287
2005-09-09;277
2005-09-10;273
2005-09-11;266
2005-09-12;260
2005-09-13;267
2005-09-14;280
2005-09-15;289
2005-09-16;315
2005-09-17;356
2005-09-18;377
2005-09-19;364
2005-09-20;339
2005-09-21;320
2005-09-22;307
2005-09-23;290
2005-09-24;285
2005-09-25;296
2005-09-26;307
2005-09-27;313
2005-09-28;312
2005-09-29;305
2005-09-30;290
2005-10-01;278
2005-10-02;274
2005-10-03;272
2005-10-04;267
2005-10-05;264
2005-10-06;268
2005-10-07;264
2005-10-08;259
2005-10-09;255
2005-10-10;252
2005-10-11;252
2005-10-12;247
2005-10-13;241
2005-10-14;232
2005-10-15;223
2005-10-16;223
2005-10-17;224
2005-10-18;221
2005-10-19;217
2005-10-20;219
2005-10-21;216
2005-10-22;211
2005-10-23;214
2005-10-24;209
2005-10-25;190
2005-10-26;189
2005-10-27;187
2005-10-28;180
2005-10-29;177
2005-10-30;173
2005-10-31;173
2005-11-01;179
2005-11-02;175
2005-11-03;161
2005-11-05;154
2005-11-06;159
2005-11-07;172
2005-11-08;181
2005-11-09;176
2005-11-10;158
2005-11-11;138
2005-11-12;110
2005-11-13;99
2005-11-14;86
2005-11-15;72
2005-11-16;64
2005-11-17;89
2005-11-18;95
2005-11-19;89
2005-11-20;96
2005-11-21;225
2005-11-22;260
2005-11-23;267
2005-11-24;279
2005-11-25;285
2006-03-16;230
2006-03-17;232
2006-03-18;233
2006-03-19;239
2006-03-20;244
2006-03-21;246
2006-03-22;247
2006-03-23;248
2006-03-24;249
2006-03-25;253
2006-03-26;255
2006-03-27;257
2006-03-28;260
2006-03-29;260
2006-03-30;258
2006-03-31;258
2006-04-01;253
2006-04-02;252
2006-04-03;252
2006-04-04;258
2006-04-05;259
2006-04-06;261
2006-04-07;263
2006-04-08;265
2006-04-09;270
2006-04-10;274
2006-04-11;278
2006-04-12;278
2006-04-13;280
2006-04-14;282
2006-04-15;284
2006-04-16;287
2006-04-17;291
2006-04-18;296
2006-04-19;302
2006-04-20;307
2006-04-21;315
2006-04-22;318
2006-04-23;326
2006-04-24;335
2006-04-25;309
2006-04-26;325
2006-04-27;455
2006-05-03;400
2006-05-04;502
2006-05-05;472
2006-05-06;490
2006-05-07;508
2006-05-08;507
2006-05-09;505
2006-05-10;537
2006-05-11;552
2006-05-12;532
2006-05-13;517
2006-05-14;495
2006-05-15;475
2006-05-16;457
2006-05-17;439
2006-05-18;418
2006-05-19;411
2006-05-20;407
2006-05-21;403
2006-05-22;401
2006-05-23;413
2006-06-01;359
2006-06-02;349
2006-06-03;336
2006-06-04;330
2006-06-05;325
2006-06-06;323
2006-06-07;324
2006-06-08;329
2006-06-09;347
2006-06-10;379
2006-06-11;405
2006-06-12;437
2006-06-13;581
2006-06-14;664
2006-06-15;703
2006-06-16;697
2006-06-18;650
2006-06-19;703
2006-06-20;757
2006-06-21;799
2006-06-22;795
2006-06-23;726
2006-06-24;670
2006-06-25;626
2006-06-26;585
2006-06-27;547
2006-06-28;515
2006-06-29;493
2006-06-30;473
2006-07-01;455
2006-07-02;443
2006-07-03;429
2006-07-04;419
2006-07-05;404
2006-07-07;361
2006-07-08;344
2006-07-09;347
2006-07-10;378
2006-07-11;385
2006-07-12;368
2006-07-14;345
2006-07-15;351
2006-07-17;351
2006-07-18;394
2006-07-19;442
2006-07-20;452
2006-07-21;449
2006-07-22;454
2006-07-23;802
2006-07-24;529
2006-07-25;522
2006-07-26;518
2006-07-27;486
2006-07-28;476
2006-07-29;469
2006-07-30;451
2006-07-31;436
2006-08-01;429
2006-08-02;418
2006-08-03;410
2006-08-05;388
2006-08-06;381
2006-08-07;378
2006-08-08;367
2006-08-09;363
2006-08-10;360
2006-08-12;371
2006-08-13;403
2006-08-14;467
2006-08-15;521
2006-08-16;549
2006-08-17;522
2006-08-18;442
2006-08-19;413
2006-08-20;403
2006-08-21;386
2006-08-22;380
2006-08-23;382
2006-08-24;376
2006-08-25;368
2006-08-26;386
2006-08-27;442
2006-08-28;428
2006-08-29;413
2006-08-30;386
2006-08-31;375
2006-09-01;413
2006-09-02;481
2006-09-03;522
2006-09-04;549
2006-09-05;534
2006-09-06;510
2006-09-07;486
2006-09-08;481
2006-09-09;467
2006-09-10;453
2006-09-11;440
2006-09-12;438
2006-09-13;442
2006-09-14;450
2006-09-15;498
2006-09-16;509
2006-09-17;511
2006-09-18;501
2006-09-19;487
2006-09-20;475
2006-09-21;461
2006-09-22;451
2006-09-23;447
2006-09-24;446
2006-09-25;448
2006-09-26;450
2006-09-27;446
2006-09-28;438
2006-09-29;430
2006-09-30;424
2006-10-01;418
2006-10-02;418
2006-10-03;414
2006-10-04;408
2006-10-05;402
2006-10-06;396
2006-10-07;391
2006-10-08;390
2006-10-09;390
2006-10-10;389
2006-10-11;368
2006-10-12;356
2006-10-13;343
2006-10-14;348
2006-10-15;358
2006-10-16;359
2006-10-17;355
2006-10-18;338
2006-10-19;308
2006-10-20;294
2006-10-21;268
2006-10-22;269
2006-10-23;250
2006-10-24;242
2006-10-25;234
2006-10-26;230
2006-10-27;229
2006-10-28;224
2006-10-29;222
2006-10-30;197
2006-10-31;184
2006-11-01;166
2006-11-02;153
2006-11-03;133
2006-11-04;135
2006-11-05;135
2006-11-06;139
2006-11-07;138
2006-11-08;141
2006-11-09;139
2006-11-11;121
2006-11-14;130
2006-11-15;126
2006-11-16;125
2006-11-17;125
2006-11-18;128
2006-11-19;141
2006-11-20;141
2006-11-21;130
2007-03-16;227
2007-03-17;233
2007-03-18;237
2007-03-19;240
2007-03-20;242
2007-03-21;240
2007-03-22;241
2007-03-23;242
2007-03-24;244
2007-03-25;248
2007-03-26;250
2007-03-27;244
2007-03-28;244
2007-03-29;245
2007-03-30;242
2007-03-31;244
2007-04-01;246
2007-04-02;247
2007-04-03;249
2007-04-04;251
2007-04-05;258
2007-04-06;262
2007-04-07;268
2007-04-08;273
2007-04-09;277
2007-04-10;274
2007-04-11;277
2007-04-12;283
2007-04-13;283
2007-04-14;284
2007-04-15;286
2007-04-16;291
2007-04-17;293
2007-04-18;298
2007-04-19;301
2007-04-20;334
2007-04-21;422
2007-04-22;530
2007-04-28;304
2007-04-29;298
2007-04-30;300
2007-05-01;338
2007-05-02;329
2007-05-03;334
2007-05-04;285
2007-05-05;286
2007-05-06;284
2007-05-07;304
2007-05-08;316
2007-05-09;314
2007-05-10;315
2007-05-11;317
2007-05-12;312
2007-05-13;320
2007-05-14;322
2007-05-15;348
2007-05-16;352
2007-05-17;362
2007-05-18;418
2007-05-19;501
2007-05-20;511
2007-05-21;488
2007-05-22;475
2007-05-23;481
2007-05-24;466
2007-05-25;447
2007-05-26;438
2007-05-27;441
2007-05-28;442
2007-05-29;429
2007-05-30;460
2007-05-31;561
2007-06-01;579
2007-06-02;540
2007-06-03;493
2007-06-04;468
2007-06-05;450
2007-06-06;432
2007-06-07;418
2007-06-08;408
2007-06-09;397
2007-06-10;394
2007-06-11;417
2007-06-12;424
2007-06-13;412
2007-06-14;380
2007-06-15;365
2007-06-16;352
2007-06-17;341
2007-06-18;347
2007-06-19;387
2007-06-20;409
2007-06-21;403
2007-06-22;391
2007-06-23;378
2007-06-24;368
2007-06-25;385
2007-06-26;425
2007-06-27;447
2007-06-28;449
2007-06-29;446
2007-06-30;452
2007-07-01;465
2007-07-02;494
2007-07-03;505
2007-07-04;496
2007-07-05;476
2007-07-06;442
2007-07-07;412
2007-07-08;384
2007-07-09;358
2007-07-10;343
2007-07-11;343
2007-07-12;349
2007-07-13;356
2007-07-14;350
2007-07-15;349
2007-07-16;362
2007-07-17;383
2007-07-18;453
2007-07-19;480
2007-07-20;515
2007-07-21;579
2007-07-22;619
2007-07-23;655
2007-07-24;713
2007-07-25;754
2007-07-26;751
2007-07-27;726
2007-07-28;709
2007-07-29;693
2007-07-30;677
2007-07-31;658
2007-08-01;641
2007-08-02;625
2007-08-03;614
2007-08-04;601
2007-08-05;598
2007-08-06;603
2007-08-07;603
2007-08-08;589
2007-08-09;564
2007-08-10;535
2007-08-11;516
2007-08-12;509
2007-08-13;512
2007-08-14;514
2007-08-15;501
2007-08-16;474
2007-08-17;464
2007-08-18;425
2007-08-19;375
2007-08-20;358
2007-08-21;358
2007-08-22;352
2007-08-23;385
2007-08-24;437
2007-08-25;460
2007-08-26;465
2007-08-27;475
2007-08-28;498
2007-08-29;508
2007-08-30;513
2007-08-31;539
2007-09-01;572
2007-09-02;598
2007-09-03;584
2007-09-04;567
2007-09-05;546
2007-09-06;529
2007-09-07;518
2007-09-08;518
2007-09-09;505
2007-09-10;498
2007-09-11;495
2007-09-12;493
2007-09-13;485
2007-09-14;476
2007-09-15;468
2007-09-16;462
2007-09-17;458
2007-09-18;457
2007-09-19;459
2007-09-20;459
2007-09-21;455
2007-09-22;453
2007-09-23;449
2007-09-24;448
2007-09-25;435
2007-09-26;417
2007-09-27;412
2007-09-28;406
2007-09-29;402
2007-09-30;396
2007-10-01;391
2007-10-02;388
2007-10-03;388
2007-10-04;392
2007-10-06;398
2007-10-07;376
2007-10-08;340
2007-10-09;314
2007-10-10;304
2007-10-11;295
2007-10-12;291
2007-10-13;290
2007-10-14;289
2007-10-15;288
2007-10-16;286
2007-10-17;274
2007-10-18;268
2007-10-19;262
2007-10-20;245
2007-10-21;229
2007-10-22;214
2007-10-23;212
2007-10-24;232
2007-10-25;227
2007-10-26;203
2007-10-27;193
2007-10-28;184
2007-10-29;187
2007-10-30;180
2007-10-31;176
2007-11-01;165
2007-11-02;161
2007-11-03;158
2007-11-04;154
2007-11-05;152
2007-11-06;148
2007-11-07;144
2007-11-08;131
2007-11-09;117
2007-11-10;104
2007-11-11;98
2007-11-12;95
2007-11-13;114
2007-11-14;123
2007-11-15;120
2007-11-16;124
2007-11-17;128
2007-11-18;131
2007-11-19;121
2007-11-20;105
2007-11-21;98
2007-11-22;95
2007-11-23;92
2008-01-01;261
2008-01-02;263
2008-01-03;264
2008-01-04;265
2008-01-05;266
2008-01-06;278
2008-01-07;267
2008-01-08;257
2008-01-09;256
2008-01-10;255
2008-01-11;242
2008-01-12;247
2008-01-13;247
2008-01-14;245
2008-01-15;242
2008-01-16;248
2008-01-17;253
2008-01-18;254
2008-01-19;257
2008-01-20;257
2008-01-21;250
2008-01-22;241
2008-01-23;236
2008-01-24;229
2008-01-25;223
2008-01-26;215
2008-01-27;212
2008-01-28;210
2008-01-29;206
2008-01-30;204
2008-01-31;204
2008-02-01;209
2008-02-02;206
2008-02-03;201
2008-02-04;195
2008-02-05;192
2008-02-06;190
2008-02-07;188
2008-02-08;190
2008-02-09;196
2008-02-10;198
2008-02-11;206
2008-02-12;209
2008-02-13;211
2008-02-14;214
2008-02-15;216
2008-02-16;218
2008-02-17;218
2008-02-18;218
2008-02-19;225
2008-02-20;227
2008-02-21;214
2008-02-22;215
2008-02-23;217
2008-02-24;218
2008-02-25;219
2008-02-26;220
2008-02-27;227
2008-02-28;229
2008-02-29;225
2008-03-01;222
2008-03-02;221
2008-03-03;223
2008-03-04;227
2008-03-05;229
2008-03-06;228
2008-03-07;225
2008-03-08;222
2008-03-09;213
2008-03-10;215
2008-03-11;216
2008-03-12;217
2008-03-13;218
2008-03-14;221
2008-03-15;227
2008-03-16;230
2008-03-17;231
2008-03-18;232
2008-03-19;237
2008-03-20;241
2008-03-21;241
2008-03-22;240
2008-03-23;239
2008-03-24;238
2008-03-25;237
2008-03-26;244
2008-03-27;248
2008-03-28;250
2008-03-29;257
2008-03-30;259
2008-03-31;268
2008-04-01;270
2008-04-02;273
2008-04-03;277
2008-04-04;279
2008-04-05;281
2008-04-06;284
2008-04-07;273
2008-04-08;272
2008-04-09;277
2008-04-10;279
2008-04-11;291
2008-04-12;291
2008-04-13;294
2008-04-14;296
2008-04-15;283
2008-04-16;275
2008-04-17;272
2008-04-18;270
2008-04-19;317
2008-04-20;321
2008-04-21;242
2008-04-22;199
2008-04-23;209
2008-04-24;183
2008-04-25;179
2008-04-26;172
2008-04-27;161
2008-04-28;147
2008-04-29;121
2008-04-30;135
2008-05-01;140
2008-05-02;144
2008-05-03;164
2008-05-04;173
2008-05-05;183
2008-05-06;180
2008-05-07;178
2008-05-08;203
2008-05-09;207
2008-05-10;255
2008-05-11;277
2008-05-12;289
2008-05-13;293
2008-05-14;293
2008-05-15;280
2008-05-16;267
2008-05-17;246
2008-05-18;245
2008-05-19;239
2008-05-20;253
2008-05-21;251
2008-05-22;249
2008-05-23;251
2008-05-24;270
2008-05-25;270
2008-05-26;275
2008-05-27;265
2008-05-28;240
2008-05-29;230
2008-05-30;226
2008-05-31;226
2008-06-01;232
2008-06-02;240
2008-06-03;251
2008-06-04;251
2008-06-05;253
2008-06-06;278
2008-06-07;317
2008-06-08;327
2008-06-09;321
2008-06-10;298
2008-06-11;279
2008-06-12;267
2008-06-13;267
2008-06-14;272
2008-06-15;273
2008-06-16;275
2008-06-17;273
2008-06-18;260
2008-06-19;248
2008-06-20;245
2008-06-21;228
2008-06-22;215
2008-06-23;201
2008-06-24;187
2008-06-25;176
2008-06-26;177
2008-06-27;184
2008-06-28;186
2008-06-29;172
2008-06-30;182
2008-07-01;192
2008-07-02;186
2008-07-03;190
2008-07-04;190
2008-07-05;196
2008-07-06;195
2008-07-07;191
2008-07-08;188
2008-07-09;196
2008-07-10;205
2008-07-11;220
2008-07-12;320
2008-07-13;430
2008-07-14;487
2008-07-15;510
2008-07-16;480
2008-07-17;442
2008-07-18;432
2008-07-19;402
2008-07-20;396
2008-07-21;387
2008-07-22;378
2008-07-23;372
2008-07-24;358
2008-07-25;341
2008-07-26;328
2008-07-27;321
2008-07-28;334
2008-07-29;348
2008-07-30;353
2008-07-31;362
2008-08-01;362
2008-08-02;357
2008-08-03;352
2008-08-04;396
2008-08-05;434
2008-08-06;430
2008-08-07;426
2008-08-08;418
2008-08-09;412
2008-08-10;407
2008-08-11;416
2008-08-12;402
2008-08-13;398
2008-08-14;394
2008-08-15;365
2008-08-16;365
2008-08-17;362
2008-08-18;365
2008-08-19;352
2008-08-20;347
2008-08-21;333
2008-08-22;333
2008-08-23;331
2008-08-24;313
2008-08-25;301
2008-08-26;289
2008-08-27;280
2008-08-28;265
2008-08-29;255
2008-08-30;277
2008-08-31;284
2008-09-01;311
2008-09-02;341
2008-09-03;313
2008-09-04;328
2008-09-05;336
2008-09-06;395
2008-09-07;402
2008-09-08;470
2008-09-09;480
2008-09-10;451
2008-09-11;442
2008-09-12;470
2008-09-13;482
2008-09-14;490
2008-09-15;452
2008-09-16;452
2008-09-17;442
2008-09-18;446
2008-09-19;450
2008-09-20;446
2008-09-21;442
2008-09-22;499
2008-09-23;508
2008-09-24;525
2008-09-25;508
2008-09-26;498
2008-09-27;488
2008-09-28;493
2008-09-29;494
2008-09-30;492
2008-10-01;488
2008-10-02;471
2008-10-03;460
2008-10-04;440
2008-10-05;432
2008-10-06;410
2008-10-07;397
2008-10-08;382
2008-10-09;372
2008-10-10;362
2008-10-11;374
2008-10-12;381
2008-10-13;373
2008-10-14;367
2008-10-15;363
2008-10-16;357
2008-10-17;352
2008-10-18;347
2008-10-19;342
2008-10-20;321
2008-10-21;316
2008-10-22;306
2008-10-23;301
2008-10-24;295
2008-10-25;315
2008-10-26;315
2008-10-27;319
2008-10-28;324
2008-10-29;317
2008-10-30;311
2008-10-31;344
2008-11-01;340
2008-11-02;336
2008-11-03;332
2008-11-04;316
2008-11-05;289
2008-11-06;279
2008-11-07;294
2008-11-08;289
2008-11-09;289
2008-11-10;279
2008-11-11;269
2008-11-12;263
2008-11-13;240
2008-11-14;224
2008-11-15;214
2008-11-16;198
2008-11-17;188
2008-11-18;179
2008-11-19;162
2008-11-20;152
2008-11-21;100
2008-11-22;90
2008-11-23;85
2008-11-24;93
2008-11-25;100
2008-11-26;115
2008-11-27;125
2008-11-28;125
2008-11-29;111
2008-11-30;145
2008-12-01;230
2008-12-02;235
2008-12-03;238
2008-12-04;240
2008-12-05;245
2008-12-06;362
2008-12-07;367
2008-12-08;372
2008-12-09;402
2008-12-10;412
2008-12-11;422
2008-12-12;435
2008-12-13;436
2008-12-14;438
2008-12-15;440
2008-12-16;442
2008-12-17;444
2008-12-18;449
2008-12-19;452
2008-12-20;454
2008-12-21;444
2008-12-22;434
2008-12-23;434
2008-12-24;433
2008-12-25;433
2008-12-26;431
2008-12-27;424
2008-12-28;422
2008-12-29;420
2008-12-30;418
2008-12-31;416
2009-01-01;414
2009-01-02;412
2009-01-03;410
2009-01-04;408
2009-01-05;404
2009-01-06;399
2009-01-07;384
2009-01-08;359
2009-01-09;340
2009-01-10;338
2009-01-11;335
2009-01-12;333
2009-01-13;331
2009-01-14;329
2009-01-15;327
2009-01-16;325
2009-01-17;323
2009-01-18;320
2009-01-19;319
2009-01-20;317
2009-01-21;314
2009-01-22;311
2009-01-23;305
2009-01-24;301
2009-01-25;299
2009-01-26;299
2009-01-27;300
2009-01-28;300
2009-01-29;300
2009-01-30;302
2009-01-31;302
2009-02-01;302
2009-02-02;302
2009-02-03;302
2009-02-04;300
2009-02-05;300
2009-02-06;298
2009-02-07;295
2009-02-08;292
2009-02-09;288
2009-02-10;286
2009-02-11;286
2009-02-12;286
2009-02-13;284
2009-02-14;280
2009-02-15;277
2009-02-16;279
2009-02-17;280
2009-02-18;281
2009-02-19;283
2009-02-20;285
2009-02-21;286
2009-02-22;287
2009-02-23;288
2009-02-24;288
2009-02-25;288
2009-02-26;287
2009-02-27;286
2009-02-28;285
2009-03-01;283
2009-03-02;280
2009-03-03;283
2009-03-04;285
2009-03-05;287
2009-03-06;285
2009-03-07;284
2009-03-08;283
2009-03-09;282
2009-03-10;280
2009-03-11;282
2009-03-12;288
2009-03-13;288
2009-03-14;287
2009-03-15;285
2009-03-16;286
2009-03-17;288
2009-03-18;289
2009-03-19;291
2009-03-20;293
2009-03-21;292
2009-03-22;291
2009-03-23;290
2009-03-24;289
2009-03-25;287
2009-03-26;290
2009-03-27;293
2009-03-28;295
2009-03-29;297
2009-03-30;292
2009-03-31;292
2009-04-01;286
2009-04-02;284
2009-04-03;288
2009-04-04;290
2009-04-05;292
2009-04-06;291
2009-04-07;291
2009-04-08;292
2009-04-09;291
2009-04-10;291
2009-04-11;275
2009-04-12;276
2009-04-13;278
2009-04-14;290
2009-04-15;293
2009-04-16;299
2009-04-17;310
2009-04-18;315
2009-04-19;325
2009-04-20;372
2009-04-21;377
2009-04-22;452
2009-04-23;543
2009-04-24;565
2009-04-25;557
2009-04-26;558
2009-04-27;562
2009-04-28;532
2009-04-29;535
2009-04-30;559
2009-05-01;566
2009-05-02;569
2009-05-03;528
2009-05-04;534
2009-05-05;543
2009-05-06;556
2009-05-07;582
2009-05-08;592
2009-05-09;613
2009-05-10;596
2009-05-11;295
2009-05-12;550
2009-05-13;537
2009-05-14;516
2009-05-15;484
2009-05-16;454
2009-05-17;438
2009-05-18;433
2009-05-19;422
2009-05-20;398
2009-05-21;388
2009-05-22;381
2009-05-23;433
2009-05-24;479
2009-05-25;487
2009-05-26;496
2009-05-27;461
2009-05-28;451
2009-05-29;447
2009-05-30;427
2009-05-31;412
2009-06-01;410
2009-06-02;397
2009-06-03;388
2009-06-04;374
2009-06-05;384
2009-06-06;403
2009-06-07;413
2009-06-08;396
2009-06-09;404
2009-06-10;425
2009-06-11;432
2009-06-12;438
2009-06-13;444
2009-06-14;452
2009-06-15;458
2009-06-16;482
2009-06-17;495
2009-06-18;503
2009-06-19;500
2009-06-20;486
2009-06-21;479
2009-06-22;449
2009-06-23;442
2009-06-24;447
2009-06-25;460
2009-06-26;516
2009-06-27;526
2009-06-28;545
2009-06-29;559
2009-06-30;557
2009-07-01;537
2009-07-02;518
2009-07-03;498
2009-07-04;487
2009-07-05;460
2009-07-06;444
2009-07-07;436
2009-07-08;430
2009-07-09;424
2009-07-10;420
2009-07-11;420
2009-07-12;464
2009-07-13;576
2009-07-14;637
2009-07-15;662
2009-07-16;652
2009-07-17;620
2009-07-18;609
2009-07-19;609
2009-07-20;622
2009-07-21;637
2009-07-22;651
2009-07-23;660
2009-07-24;649
2009-07-25;619
2009-07-26;595
2009-07-27;572
2009-07-28;545
2009-07-29;532
2009-07-30;499
2009-07-31;478
2009-08-01;464
2009-08-02;461
2009-08-03;456
2009-08-04;451
2009-08-05;449
2009-08-06;449
2009-08-07;469
2009-08-08;537
2009-08-09;552
2009-08-10;552
2009-08-11;539
2009-08-12;527
2009-08-13;516
2009-08-14;510
2009-08-15;510
2009-08-16;530
2009-08-17;578
2009-08-18;608
2009-08-19;603
2009-08-20;595
2009-08-21;592
2009-08-22;547
2009-08-23;538
2009-08-24;540
2009-08-25;564
2009-08-26;591
2009-08-27;607
2009-08-28;617
2009-08-29;634
2009-08-30;644
2009-08-31;658
2009-09-01;687
2009-09-02;700
2009-09-03;690
2009-09-04;660
2009-09-05;635
2009-09-06;619
2009-09-07;607
2009-09-08;605
2009-09-09;627
2009-09-10;637
2009-09-11;658
2009-09-12;683
2009-09-13;714
2009-09-14;710
2009-09-15;704
2009-09-16;697
2009-09-17;637
2009-09-18;592
2009-09-19;582
2009-09-20;550
2009-09-21;545
2009-09-22;539
2009-09-23;532
2009-09-24;519
2009-09-25;511
2009-09-26;511
2009-09-27;547
2009-09-28;585
2009-09-29;617
2009-09-30;637
2009-10-01;647
2009-10-02;630
2009-10-03;617
2009-10-04;596
2009-10-05;579
2009-10-06;569
2009-10-07;562
2009-10-08;552
2009-10-09;561
2009-10-10;553
2009-10-11;547
2009-10-12;525
2009-10-13;515
2009-10-14;506
2009-10-15;498
2009-10-16;482
2009-10-17;470
2009-10-18;464
2009-10-19;464
2009-10-20;439
2009-10-21;432
2009-10-22;419
2009-10-23;409
2009-10-24;400
2009-10-25;393
2009-10-26;387
2009-10-27;377
2009-10-28;367
2009-10-29;359
2009-10-30;334
2009-10-31;328
2009-11-01;321
2009-11-02;315
2009-11-03;310
2009-11-04;300
2009-11-05;294
2009-11-06;289
2009-11-07;278
2009-11-08;274
2009-11-09;264
2009-11-10;254
2009-11-11;250
2009-11-12;240
2009-11-13;235
2009-11-14;227
2009-11-15;219
2009-11-16;212
2009-11-17;206
2009-11-18;200
2009-11-19;193
2009-11-20;198
2009-11-21;208
2009-11-22;213
2009-11-23;218
2009-11-24;219
2009-11-25;222
2009-11-26;222
2009-11-27;213
2009-11-28;236
2009-11-29;320
2009-11-30;326
2009-12-01;346
2009-12-02;356
2009-12-03;363
2009-12-04;366
2009-12-05;369
2009-12-06;372
2009-12-07;376
2009-12-08;380
2009-12-09;382
2009-12-10;385
2009-12-11;382
2009-12-12;373
2009-12-13;374
2009-12-14;376
2009-12-15;379
2009-12-16;407
2009-12-17;425
2009-12-18;412
2009-12-19;400
2009-12-20;394
2009-12-21;382
2009-12-22;379
2009-12-23;381
2009-12-24;381
2009-12-25;381
2009-12-26;394
2009-12-27;398
2009-12-28;396
2009-12-29;394
2009-12-30;394
2009-12-31;394
2010-01-01;394
2010-01-02;389
2010-01-03;384
2010-01-04;381
2010-01-05;379
2010-01-06;369
2010-01-07;359
2010-01-08;354
2010-01-09;352
2010-01-10;349
2010-01-11;348
2010-01-12;339
2010-01-13;337
2010-01-14;335
2010-01-15;332
2010-01-16;329
2010-01-17;324
2010-01-18;323
2010-01-19;321
2010-01-20;319
2010-01-21;317
2010-01-22;315
2010-01-23;313
2010-01-24;311
2010-01-25;309
2010-01-26;294
2010-01-27;283
2010-01-28;285
2010-01-29;285
2010-01-30;275
2010-01-31;272
2010-02-01;269
2010-02-02;267
2010-02-03;266
2010-02-04;264
2010-02-05;262
2010-02-06;261
2010-02-07;259
2010-02-08;258
2010-02-09;258
2010-02-10;258
2010-02-11;262
2010-02-12;259
2010-02-13;252
2010-02-14;249
2010-02-15;247
2010-02-16;247
2010-02-17;249
2010-02-18;249
2010-02-19;248
2010-02-20;247
2010-02-21;245
2010-02-22;239
2010-02-23;236
2010-02-24;236
2010-02-25;236
2010-02-26;234
2010-02-27;234
2010-02-28;232
2010-03-01;232
2010-03-02;232
2010-03-03;233
2010-03-04;233
2010-03-05;235
2010-03-06;233
2010-03-07;233
2010-03-08;234
2010-03-09;235
2010-03-10;236
2010-03-11;233
2010-03-12;232
2010-03-13;232
2010-03-14;231
2010-03-15;230
2010-03-16;225
2010-03-17;219
2010-03-18;218
2010-03-19;217
2010-03-20;215
2010-03-21;215
2010-03-22;235
2010-03-23;238
2010-03-24;240
2010-03-25;242
2010-03-26;239
2010-03-27;241
2010-03-28;242
2010-03-29;237
2010-03-30;236
2010-03-31;238
2010-04-01;243
2010-04-02;248
2010-04-03;248
2010-04-04;253
2010-04-05;253
2010-04-06;253
2010-04-07;243
2010-04-08;233
2010-04-09;201
2010-04-10;190
2010-04-11;183
2010-04-12;181
2010-04-13;179
2010-04-14;177
2010-04-15;180
2010-04-16;182
2010-04-17;191
2010-04-18;198
2010-04-19;262
2010-04-20;291
2010-04-21;303
2010-04-22;303
2010-04-23;325
2010-04-24;328
2010-04-25;333
2010-04-26;394
2010-04-27;400
2010-04-28;400
2010-04-29;415
2010-04-30;412
2010-05-01;338
2010-05-02;305
2010-05-03;315
2010-05-04;322
2010-05-05;296
2010-05-06;413
2010-05-07;426
2010-05-08;530
2010-05-09;573
2010-05-10;587
2010-05-11;544
2010-05-12;540
2010-05-13;544
2010-05-14;552
2010-05-15;516
2010-05-16;501
2010-05-17;457
2010-05-18;454
2010-05-19;455
2010-05-20;464
2010-05-21;487
2010-05-22;506
2010-05-23;521
2010-05-24;550
2010-05-25;622
2010-05-26;691
2010-05-27;727
2010-05-28;735
2010-05-29;723
2010-05-30;677
2010-05-31;625
2010-06-01;575
2010-06-02;537
2010-06-03;516
2010-06-04;508
2010-06-05;495
2010-06-06;474
2010-06-07;478
2010-06-08;479
2010-06-09;471
2010-06-10;459
2010-06-11;449
2010-06-12;440
2010-06-13;423
2010-06-14;430
2010-06-15;430
2010-06-16;420
2010-06-17;413
2010-06-18;406
2010-06-19;415
2010-06-20;437
2010-06-21;443
2010-06-22;421
2010-06-23;405
2010-06-24;455
2010-06-25;496
2010-06-26;516
2010-06-27;513
2010-06-28;493
2010-06-29;470
2010-06-30;456
2010-07-01;427
2010-07-02;416
2010-07-03;409
2010-07-04;413
2010-07-05;411
2010-07-06;415
2010-07-07;427
2010-07-08;471
2010-07-09;508
2010-07-10;518
2010-07-11;516
2010-07-12;500
2010-07-13;479
2010-07-14;460
2010-07-15;444
2010-07-16;426
2010-07-17;423
2010-07-18;428
2010-07-19;431
2010-07-20;442
2010-07-21;455
2010-07-22;494
2010-07-23;557
2010-07-24;608
2010-07-25;636
2010-07-26;657
2010-07-27;669
2010-07-28;675
2010-07-29;648
2010-07-30;592
2010-07-31;545
2010-08-01;530
2010-08-02;539
2010-08-03;552
2010-08-04;556
2010-08-05;566
2010-08-06;608
2010-08-07;616
2010-08-08;599
2010-08-09;579
2010-08-10;567
2010-08-11;568
2010-08-12;559
2010-08-13;558
2010-08-14;563
2010-08-15;575
2010-08-16;598
2010-08-17;621
2010-08-18;625
2010-08-19;611
2010-08-20;597
2010-08-21;590
2010-08-22;598
2010-08-23;613
2010-08-24;623
2010-08-25;630
2010-08-26;644
2010-08-27;655
2010-08-28;648
2010-08-29;625
2010-08-30;599
2010-08-31;579
2010-09-01;572
2010-09-02;546
2010-09-03;530
2010-09-04;515
2010-09-05;512
2010-09-06;518
2010-09-07;522
2010-09-08;518
2010-09-09;501
2010-09-10;484
2010-09-11;470
2010-09-12;444
2010-09-13;409
2010-09-14;385
2010-09-15;371
2010-09-16;362
2010-09-17;350
2010-09-18;338
2010-09-19;335
2010-09-20;330
2010-09-21;329
2010-09-22;331
2010-09-23;336
2010-09-24;338
2010-09-25;341
2010-09-26;330
2010-09-27;329
2010-09-28;326
2010-09-29;320
2010-09-30;319
2010-10-01;311
2010-10-02;300
2010-10-03;285
2010-10-04;276
2010-10-05;268
2010-10-06;265
2010-10-07;271
2010-10-08;271
2010-10-09;270
2010-10-10;267
2010-10-11;267
2010-10-12;267
2010-10-13;263
2010-10-14;266
2010-10-15;279
2010-10-16;288
2010-10-17;298
2010-10-18;298
2010-10-19;290
2010-10-20;286
2010-10-21;280
2010-10-22;274
2010-10-23;269
2010-10-24;264
2010-10-25;259
2010-10-26;255
2010-10-27;251
2010-10-28;244
2010-10-29;240
2010-10-30;235
2010-10-31;230
2010-11-01;237
2010-11-02;185
2010-11-03;187
2010-11-04;195
2010-11-05;198
2010-11-06;171
2010-11-07;162
2010-11-08;160
2010-11-09;164
2010-11-10;162
2010-11-11;159
2010-11-12;155
2010-11-13;148
2010-11-14;148
2010-11-15;153
2010-11-16;145
2010-11-17;160
2010-11-18;163
2010-11-19;148
2010-11-20;150
2010-11-21;144
2010-11-22;147
2010-11-23;166
2010-11-24;169
2010-11-25;146
2010-11-26;130
2010-11-27;105
2010-11-28;138
2010-11-29;133
2010-11-30;103
2010-12-01;98
2010-12-02;96
2010-12-03;137
2010-12-04;158
2010-12-05;182
2010-12-06;193
2010-12-07;198
2010-12-08;214
2010-12-09;223
2010-12-10;228
2010-12-11;278
2010-12-12;282
2010-12-13;286
2010-12-14;288
2010-12-15;292
2010-12-16;296
2010-12-17;300
2010-12-18;300
2010-12-19;300
2010-12-20;292
2010-12-21;292
2010-12-22;298
2010-12-23;303
2010-12-24;301
2010-12-25;301
2010-12-26;294
2010-12-27;294
2010-12-28;293
2010-12-29;295
2010-12-30;298
2010-12-31;300
2011-01-01;298
2011-01-02;296
2011-01-03;291
2011-01-04;287
2011-01-05;286
2011-01-06;282
2011-01-07;276
2011-01-08;268
2011-01-09;258
2011-01-10;258
2011-01-11;251
2011-01-12;256
2011-01-13;259
2011-01-14;259
2011-01-15;259
2011-01-16;246
2011-01-17;243
2011-01-18;251
2011-01-19;258
2011-01-20;261
2011-01-21;259
2011-01-22;256
2011-01-23;252
2011-01-24;248
2011-01-25;246
2011-01-26;245
2011-01-27;241
2011-01-28;239
2011-01-29;238
2011-01-30;236
2011-01-31;235
2011-02-01;233
2011-02-02;226
2011-02-03;222
2011-02-04;225
2011-02-05;226
2011-02-06;230
2011-02-07;235
2011-02-08;233
2011-02-09;230
2011-02-10;229
2011-02-11;224
2011-02-12;221
2011-02-13;227
2011-02-14;231
2011-02-15;234
2011-02-16;242
2011-02-17;244
2011-02-18;250
2011-02-19;249
2011-02-20;249
2011-02-21;254
2011-02-22;256
2011-02-23;255
2011-02-24;256
2011-02-25;254
2011-02-26;253
2011-02-27;251
2011-02-28;249
2011-03-01;259
2011-03-02;258
2011-03-03;256
2011-03-04;263
2011-03-05;266
2011-03-06;256
2011-03-07;246
2011-03-08;244
2011-03-09;243
2011-03-10;243
2011-03-11;241
2011-03-12;237
2011-03-13;241
2011-03-14;250
2011-03-15;250
2011-03-16;247
2011-03-17;242
2011-03-18;240
2011-03-19;221
2011-03-20;217
2011-03-21;212
2011-03-22;220
2011-03-23;219
2011-03-24;219
2011-03-25;216
2011-03-26;221
2011-03-27;225
2011-03-28;226
2011-03-29;237
2011-03-30;238
2011-03-31;238
2011-04-01;238
2011-04-02;238
2011-04-03;238
2011-04-04;247
2011-04-05;254
2011-04-06;252
2011-04-07;258
2011-04-08;255
2011-04-09;246
2011-04-10;243
2011-04-11;239
2011-04-12;288
2011-04-13;301
2011-04-14;323
2011-04-15;321
2011-04-16;328
2011-04-17;373
2011-04-18;444
2011-04-19;450
2011-04-20;461
2011-04-21;301
2011-04-22;233
2011-04-23;222
2011-04-24;217
2011-04-25;217
2011-04-26;273
2011-04-27;273
2011-04-28;296
2011-04-29;306
2011-04-30;378
2011-05-01;428
2011-05-02;428
2011-05-03;415
2011-05-04;407
2011-05-05;393
2011-05-06;392
2011-05-07;380
2011-05-08;361
2011-05-09;345
2011-05-10;336
2011-05-11;330
2011-05-12;337
2011-05-13;342
2011-05-14;350
2011-05-15;357
2011-05-16;399
2011-05-17;420
2011-05-18;408
2011-05-19;400
2011-05-20;372
2011-05-21;352
2011-05-22;349
2011-05-23;346
2011-05-24;346
2011-05-25;346
2011-05-26;346
2011-05-27;355
2011-05-28;346
2011-05-29;338
2011-05-30;327
2011-05-31;320
2011-06-01;331
2011-06-02;345
2011-06-03;396
2011-06-04;497
2011-06-05;584
2011-06-06;641
2011-06-07;675
2011-06-08;675
2011-06-09;644
2011-06-10;634
2011-06-11;563
2011-06-12;542
2011-06-13;590
2011-06-14;645
2011-06-15;640
2011-06-16;591
2011-06-17;535
2011-06-18;489
2011-06-19;474
2011-06-20;440
2011-06-21;417
2011-06-22;393
2011-06-23;375
2011-06-24;365
2011-06-25;359
2011-06-26;359
2011-06-27;359
2011-06-28;378
2011-06-29;386
2011-06-30;376
2011-07-01;371
2011-07-02;340
2011-07-03;327
2011-07-04;317
2011-07-05;309
2011-07-06;300
2011-07-07;360
2011-07-08;395
2011-07-09;388
2011-07-10;381
2011-07-11;346
2011-07-12;329
2011-07-13;309
2011-07-14;301
2011-07-15;295
2011-07-16;290
2011-07-17;288
2011-07-18;288
2011-07-19;282
2011-07-20;280
2011-07-21;278
2011-07-22;275
2011-07-23;273
2011-07-24;276
2011-07-25;273
2011-07-26;271
2011-07-27;271
2011-07-28;269
2011-07-29;269
2011-07-30;269
2011-07-31;279
2011-08-01;295
2011-08-02;320
2011-08-03;397
2011-08-04;411
2011-08-05;435
2011-08-06;436
2011-08-07;466
2011-08-08;508
2011-08-09;533
2011-08-10;559
2011-08-11;572
2011-08-12;572
2011-08-13;572
2011-08-14;572
2011-08-15;579
2011-08-16;589
2011-08-17;589
2011-08-18;579
2011-08-19;572
2011-08-20;531
2011-08-21;521
2011-08-22;490
2011-08-23;470
2011-08-24;456
2011-08-25;444
2011-08-26;438
2011-08-27;420
2011-08-28;411
2011-08-29;389
2011-08-30;374
2011-08-31;365
2011-09-01;347
2011-09-02;340
2011-09-03;335
2011-09-04;330
2011-09-05;325
2011-09-06;321
2011-09-07;315
2011-09-08;390
2011-09-09;393
2011-09-10;376
2011-09-11;371
2011-09-12;335
2011-09-13;328
2011-09-14;325
2011-09-15;320
2011-09-16;322
2011-09-17;317
2011-09-18;315
2011-09-19;303
2011-09-20;298
2011-09-21;295
2011-09-22;304
2011-09-23;304
2011-09-24;304
2011-09-25;295
2011-09-26;290
2011-09-27;285
2011-09-28;283
2011-09-29;280
2011-09-30;280
2011-10-01;278
2011-10-02;275
2011-10-03;291
2011-10-04;291
2011-10-05;291
2011-10-06;285
2011-10-07;278
2011-10-08;275
2011-10-09;273
2011-10-10;273
2011-10-11;273
2011-10-12;265
2011-10-13;235
2011-10-14;232
2011-10-15;227
2011-10-16;227
2011-10-17;224
2011-10-18;222
2011-10-19;222
2011-10-20;217
2011-10-21;215
2011-10-22;215
2011-10-23;215
2011-10-24;212
2011-10-25;212
2011-10-26;210
2011-10-27;207
2011-10-28;204
2011-10-29;204
2011-10-30;204
2011-10-31;199
2011-11-01;196
2011-11-02;194
2011-11-03;189
2011-11-04;187
2011-11-05;184
2011-11-06;179
2011-11-07;176
2011-11-08;176
2011-11-09;176
2011-11-10;174
2011-11-11;172
2011-11-12;167
2011-11-13;163
2011-11-14;161
2011-11-15;158
2011-11-16;156
2011-11-17;156
2011-11-18;156
2011-11-19;154
2011-11-20;152
2011-11-21;150
2011-11-22;147
2011-11-23;145
2011-11-24;145
2011-11-25;143
2011-11-26;268
2011-11-27;277
2011-11-28;290
2011-11-29;292
2011-11-30;292
2011-12-01;285
2011-12-02;288
2011-12-03;293
2011-12-04;303
2011-12-05;310
2011-12-06;309
2011-12-07;308
2011-12-08;316
2011-12-09;323
2011-12-10;337
2011-12-11;338
2011-12-12;338
2011-12-13;338
2011-12-14;338
2011-12-15;337
2011-12-16;300
2011-12-17;295
2011-12-18;293
2011-12-19;289
2011-12-20;285
2011-12-21;285
2011-12-22;280
2011-12-23;279
2011-12-24;275
2011-12-25;270
2011-12-26;267
2011-12-27;267
2011-12-28;265
2011-12-29;263
2011-12-30;262
2011-12-31;260
2012-01-01;258
2012-01-02;255
2012-01-03;250
2012-01-04;240
2012-01-05;240
2012-01-06;238
2012-01-07;237
2012-01-08;236
2012-01-09;235
2012-01-10;234
2012-01-11;230
2012-01-12;225
2012-01-13;223
2012-01-14;222
2012-01-15;220
2012-01-16;220
2012-01-17;220
2012-01-18;220
2012-01-19;219
2012-01-20;219
2012-01-21;219
2012-01-22;208
2012-01-23;205
2012-01-24;203
2012-01-25;202
2012-01-26;201
2012-01-27;200
2012-01-28;200
2012-01-29;200
2012-01-30;199
2012-01-31;199
2012-02-01;199
2012-02-02;198
2012-02-03;197
2012-02-04;197
2012-02-05;196
2012-02-06;196
2012-02-07;195
2012-02-08;194
2012-02-09;194
2012-02-10;194
2012-02-11;193
2012-02-12;193
2012-02-13;193
2012-02-14;193
2012-02-15;193
2012-02-16;194
2012-02-17;194
2012-02-18;194
2012-02-19;192
2012-02-20;190
2012-02-21;192
2012-02-22;193
2012-02-23;193
2012-02-24;194
2012-02-25;195
2012-02-26;195
2012-02-27;195
2012-02-28;195
2012-02-29;195
2012-03-01;193
2012-03-02;195
2012-03-03;196
2012-03-04;199
2012-03-05;201
2012-03-06;201
2012-03-07;201
2012-03-08;201
2012-03-09;201
2012-03-10;201
2012-03-11;200
2012-03-12;198
2012-03-13;198
2012-03-14;199
2012-03-15;200
2012-03-16;201
2012-03-17;203
2012-03-18;204
2012-03-19;205
2012-03-20;207
2012-03-21;205
2012-03-22;203
2012-03-23;201
2012-03-24;198
2012-03-25;198
2012-03-26;207
2012-03-27;207
2012-03-28;201
2012-03-29;198
2012-03-30;196
2012-03-31;193
2012-04-01;205
2012-04-02;207
2012-04-03;217
2012-04-04;220
2012-04-05;225
2012-04-06;207
2012-04-07;203
2012-04-08;178
2012-04-09;173
2012-04-10;228
2012-04-11;234
2012-04-12;241
2012-04-13;244
2012-04-14;244
2012-04-15;244
2012-04-16;246
2012-04-17;248
2012-04-18;248
2012-04-19;248
2012-04-20;271
2012-04-21;265
2012-04-22;273
2012-04-23;275
2012-04-24;410
2012-04-25;417
2012-04-26;427
2012-04-27;431
2012-04-28;428
2012-04-29;396
2012-04-30;336
2012-05-01;330
2012-05-02;445
2012-05-03;452
2012-05-04;467
2012-05-05;429
2012-05-06;432
2012-05-07;427
2012-05-08;420
2012-05-09;381
2012-05-10;402
2012-05-11;410
2012-05-12;376
2012-05-13;366
2012-05-14;343
2012-05-15;336
2012-05-16;302
2012-05-17;295
2012-05-18;288
2012-05-19;288
2012-05-20;288
2012-05-21;285
2012-05-22;280
2012-05-23;278
2012-05-24;273
2012-05-25;287
2012-05-26;299
2012-05-27;297
2012-05-28;294
2012-05-29;305
2012-05-30;325
2012-05-31;340
2012-06-01;343
2012-06-02;346
2012-06-03;352
2012-06-04;355
2012-06-05;329
2012-06-06;308
2012-06-07;305
2012-06-08;302
2012-06-09;297
2012-06-10;308
2012-06-11;315
2012-06-12;317
2012-06-13;320
2012-06-14;316
2012-06-15;366
2012-06-16;376
2012-06-17;421
2012-06-18;440
2012-06-19;450
2012-06-20;433
2012-06-21;427
2012-06-22;391
2012-06-23;372
2012-06-24;366
2012-06-25;329
2012-06-26;316
2012-06-27;310
2012-06-28;301
2012-06-29;295
2012-06-30;288
2012-07-01;377
2012-07-02;465
2012-07-03;539
2012-07-04;529
2012-07-05;508
2012-07-06;517
2012-07-07;527
2012-07-08;565
2012-07-09;540
2012-07-10;502
2012-07-11;486
2012-07-12;439
2012-07-13;428
2012-07-14;421
2012-07-15;416
2012-07-16;433
2012-07-17;454
2012-07-18;462
2012-07-19;457
2012-07-20;452
2012-07-21;433
2012-07-22;427
2012-07-23;414
2012-07-24;412
2012-07-25;410
2012-07-26;420
2012-07-27;431
2012-07-28;501
2012-07-29;563
2012-07-30;650
2012-07-31;678
2012-08-01;661
2012-08-02;641
2012-08-03;581
2012-08-04;568
2012-08-05;527
2012-08-06;516
2012-08-07;469
2012-08-08;454
2012-08-09;444
2012-08-10;437
2012-08-11;406
2012-08-12;396
2012-08-13;396
2012-08-14;436
2012-08-15;486
2012-08-16;512
2012-08-17;534
2012-08-18;485
2012-08-19;474
2012-08-20;469
2012-08-21;459
2012-08-22;451
2012-08-23;444
2012-08-24;444
2012-08-25;444
2012-08-26;522
2012-08-27;581
2012-08-28;603
2012-08-29;581
2012-08-30;555
2012-08-31;534
2012-09-01;549
2012-09-02;534
2012-09-03;524
2012-09-04;524
2012-09-05;516
2012-09-06;511
2012-09-07;537
2012-09-08;544
2012-09-09;588
2012-09-10;596
2012-09-11;608
2012-09-12;612
2012-09-13;610
2012-09-14;610
2012-09-15;620
2012-09-16;588
2012-09-17;562
2012-09-18;551
2012-09-19;541
2012-09-20;517
2012-09-21;534
2012-09-22;528
2012-09-23;521
2012-09-24;485
2012-09-25;479
2012-09-26;469
2012-09-27;461
2012-09-28;454
2012-09-29;444
2012-09-30;439
2012-10-01;432
2012-10-02;425
2012-10-03;433
2012-10-04;454
2012-10-05;447
2012-10-06;439
2012-10-07;432
2012-10-08;432
2012-10-09;432
2012-10-10;422
2012-10-11;416
2012-10-12;411
2012-10-13;406
2012-10-14;401
2012-10-15;401
2012-10-16;401
2012-10-17;396
2012-10-18;424
2012-10-19;432
2012-10-20;427
2012-10-21;422
2012-10-22;416
2012-10-23;408
2012-10-24;404
2012-10-25;396
2012-10-26;391
2012-10-27;386
2012-10-28;380
2012-10-29;375
2012-10-30;368
2012-10-31;364
2012-11-01;356
2012-11-02;351
2012-11-03;346
2012-11-04;340
2012-11-05;336
2012-11-06;326
2012-11-07;320
2012-11-08;314
2012-11-09;310
2012-11-10;300
2012-11-11;295
2012-11-12;290
2012-11-13;283
2012-11-14;278
2012-11-15;268
2012-11-16;263
2012-11-17;257
2012-11-18;253
2012-11-19;248
2012-11-20;242
2012-11-21;237
2012-11-22;233
2012-11-23;229
2012-11-24;224
2012-11-25;219
2012-11-26;214
2012-11-27;208
2012-11-28;203
2012-11-29;198
2012-11-30;192
2012-12-01;188
2012-12-02;183
2012-12-03;255
2012-12-04;259
2012-12-05;262
2012-12-06;270
2012-12-07;432
2012-12-08;435
2012-12-09;438
2012-12-10;434
2012-12-11;432
2012-12-12;429
2012-12-13;426
2012-12-14;427
2012-12-15;428
2012-12-16;440
2012-12-17;455
2012-12-18;460
2012-12-19;451
2012-12-20;445
2012-12-21;440
2012-12-22;435
2012-12-23;428
2012-12-24;425
2012-12-25;424
2012-12-26;425
2012-12-27;426
2012-12-28;427
2012-12-29;428
2012-12-30;429
2012-12-31;430
2013-01-01;432
2013-01-02;433
2013-01-03;435
2013-01-04;437
2013-01-05;439
2013-01-06;435
2013-01-07;430
2013-01-08;420
2013-01-09;398
2013-01-10;395
2013-01-11;390
2013-01-12;388
2013-01-13;386
2013-01-14;384
2013-01-15;382
2013-01-16;381
2013-01-17;379
2013-01-18;377
2013-01-19;375
2013-01-20;373
2013-01-21;372
2013-01-22;371
2013-01-23;370
2013-01-24;370
2013-01-25;370
2013-01-26;365
2013-01-27;360
2013-01-28;358
2013-01-29;356
2013-01-30;351
2013-01-31;348
2013-02-01;346
2013-02-02;343
2013-02-03;341
2013-02-04;339
2013-02-05;337
2013-02-06;335
2013-02-07;333
2013-02-08;332
2013-02-09;331
2013-02-10;329
2013-02-11;327
2013-02-12;325
2013-02-13;323
2013-02-14;319
2013-02-15;315
2013-02-16;312
2013-02-17;307
2013-02-18;302
2013-02-19;296
2013-02-20;292
2013-02-21;287
2013-02-22;283
2013-02-23;278
2013-02-24;274
2013-02-25;268
2013-02-26;265
2013-02-27;265
2013-02-28;265
2013-03-01;263
2013-03-02;260
2013-03-03;258
2013-03-04;256
2013-03-05;255
2013-03-06;253
2013-03-07;253
2013-03-08;253
2013-03-09;253
2013-03-10;253
2013-03-11;251
2013-03-12;249
2013-03-13;247
2013-03-14;245
2013-03-15;244
2013-03-16;242
2013-03-17;240
2013-03-18;238
2013-03-19;236
2013-03-20;235
2013-03-21;233
2013-03-22;231
2013-03-23;229
2013-03-24;227
2013-03-25;225
2013-03-26;223
2013-03-27;220
2013-03-28;218
2013-03-29;215
2013-03-30;213
2013-03-31;213
2013-04-01;211
2013-04-02;211
2013-04-03;211
2013-04-04;211
2013-04-05;212
2013-04-06;215
2013-04-07;217
2013-04-08;220
2013-04-09;224
2013-04-10;231
2013-04-11;238
2013-04-12;244
2013-04-13;249
2013-04-14;254
2013-04-15;261
2013-04-16;268
2013-04-17;278
2013-04-18;283
2013-04-19;288
2013-04-20;298
2013-04-21;373
2013-04-22;448
2013-04-23;452
2013-04-24;457
2013-04-25;453
2013-04-26;375
2013-04-27;380
2013-04-28;384
2013-04-29;388
2013-04-30;397
2013-05-01;403
2013-05-02;412
2013-05-03;418
2013-05-04;419
2013-05-05;453
2013-05-06;477
2013-05-07;482
2013-05-08;510
2013-05-09;601
2013-05-10;610
2013-05-11;617
2013-05-12;626
2013-05-13;614
2013-05-14;578
2013-05-15;587
2013-05-16;692
2013-05-17;738
2013-05-18;762
2013-05-19;772
2013-05-20;747
2013-05-21;723
2013-05-22;703
2013-05-23;693
2013-05-24;684
2013-05-25;669
2013-05-26;639
2013-05-27;629
2013-05-28;616
2013-05-29;606
2013-05-30;596
2013-05-31;598
2013-06-01;637
2013-06-02;647
2013-06-03;673
2013-06-04;852
2013-06-05;893
2013-06-06;915
2013-06-07;918
2013-06-08;887
2013-06-09;789
2013-06-10;750
2013-06-11;690
2013-06-12;603
2013-06-13;583
2013-06-14;550
2013-06-15;528
2013-06-16;507
2013-06-17;488
2013-06-18;477
2013-06-19;555
2013-06-20;589
2013-06-21;605
2013-06-22;603
2013-06-23;557
2013-06-24;519
2013-06-25;488
2013-06-26;467
2013-06-27;452
2013-06-28;436
2013-06-29;425
2013-06-30;415
2013-07-01;416
2013-07-02;426
2013-07-03;426
2013-07-04;426
2013-07-05;431
2013-07-06;466
2013-07-07;487
2013-07-08;515
2013-07-09;543
2013-07-10;564
2013-07-11;586
2013-07-12;609
2013-07-13;629
2013-07-14;645
2013-07-15;645
2013-07-16;645
2013-07-17;641
2013-07-18;599
2013-07-19;569
2013-07-20;552
2013-07-21;559
2013-07-22;628
2013-07-23;711
2013-07-24;809
2013-07-25;857
2013-07-26;872
2013-07-27;877
2013-07-28;883
2013-07-29;879
2013-07-30;868
2013-07-31;849
2013-08-01;836
2013-08-02;861
2013-08-03;917
2013-08-04;964
2013-08-05;991
2013-08-06;1017
2013-08-07;1033
2013-08-08;1041
2013-08-09;1043
2013-08-10;1043
2013-08-11;1047
2013-08-12;1087
2013-08-13;1104
2013-08-14;1123
2013-08-15;1136
2013-08-16;1144
2013-08-17;1144
2013-08-18;1139
2013-08-19;1128
2013-08-20;1123
2013-08-21;1122
2013-08-22;1125
2013-08-23;1126
2013-08-24;1118
2013-08-25;1104
2013-08-26;1083
2013-08-27;1063
2013-08-28;996
2013-08-29;915
2013-08-30;863
2013-08-31;814
2013-09-01;767
2013-09-02;723
2013-09-03;709
2013-09-04;696
2013-09-05;683
2013-09-06;673
2013-09-07;662
2013-09-08;652
2013-09-09;644
2013-09-10;636
2013-09-11;624
2013-09-12;616
2013-09-13;608
2013-09-14;604
2013-09-15;599
2013-09-16;592
2013-09-17;588
2013-09-18;588
2013-09-19;591
2013-09-20;603
2013-09-21;643
2013-09-22;695
2013-09-23;687
2013-09-24;668
2013-09-25;597
2013-09-26;578
2013-09-27;571
2013-09-28;623
2013-09-29;631
2013-09-30;690
2013-10-01;690
2013-10-02;672
2013-10-03;659
2013-10-04;643
2013-10-05;621
2013-10-06;608
2013-10-07;605
2013-10-08;596
2013-10-09;586
2013-10-10;577
2013-10-11;571
2013-10-12;565
2013-10-13;548
2013-10-14;556
2013-10-15;543
2013-10-16;527
2013-10-17;512
2013-10-18;496
2013-10-19;453
2013-10-20;436
2013-10-21;423
2013-10-22;406
2013-10-23;393
2013-10-24;379
2013-10-25;366
2013-10-26;345
2013-10-27;336
2013-10-28;334
2013-10-29;332
2013-10-30;330
2013-10-31;330
2013-11-01;329
2013-11-02;324
2013-11-03;327
2013-11-04;322
2013-11-05;305
2013-11-06;299
2013-11-07;294
2013-11-08;289
2013-11-09;283
2013-11-10;280
2013-11-11;272
2013-11-12;267
2013-11-13;259
2013-11-14;253
2013-11-15;255
2013-11-16;278
2013-11-17;288
2013-11-18;293
2013-11-19;275
2013-11-20;261
2013-11-21;247
2013-11-22;238
2013-11-23;233
2013-11-24;229
2013-11-25;227
2013-11-26;233
2013-11-27;239
2013-11-28;241
2013-11-29;246
2013-11-30;245
2013-12-01;243
2013-12-02;239
2013-12-03;234
2013-12-04;233
2013-12-05;238
2013-12-06;236
2013-12-07;226
2013-12-08;236
2013-12-09;239
2013-12-10;238
2013-12-11;242
2013-12-12;245
2013-12-13;239
2013-12-14;234
2013-12-15;228
2013-12-16;218
2013-12-17;237
2013-12-18;274
2013-12-19;283
2013-12-20;289
2013-12-21;294
2013-12-22;299
2013-12-23;311
2013-12-24;489
2013-12-25;493
2013-12-26;497
2013-12-27;502
2013-12-28;507
2013-12-29;517
2013-12-30;527
2013-12-31;533
2014-01-01;536
2014-01-02;539
2014-01-03;544
2014-01-04;547
2014-01-05;530
2014-01-06;547
2014-01-07;537
2014-01-08;532
2014-01-09;527
2014-01-10;526
2014-01-11;520
2014-01-12;515
2014-01-13;509
2014-01-14;506
2014-01-15;503
2014-01-16;506
2014-01-17;512
2014-01-18;514
2014-01-19;517
2014-01-20;519
2014-01-21;523
2014-01-22;519
2014-01-23;517
2014-01-24;514
2014-01-25;511
2014-01-26;507
2014-01-27;503
2014-01-28;501
2014-01-29;498
2014-01-30;495
2014-01-31;490
2014-02-01;476
2014-02-02;469
2014-02-03;462
2014-02-04;455
2014-02-05;447
2014-02-06;440
2014-02-07;433
2014-02-08;426
2014-02-09;418
2014-02-10;411
2014-02-11;404
2014-02-12;397
2014-02-13;389
2014-02-14;382
2014-02-15;375
2014-02-16;376
2014-02-17;377
2014-02-18;375
2014-02-19;372
2014-02-20;371
2014-02-21;369
2014-02-22;369
2014-02-23;368
2014-02-24;367
2014-02-25;365
2014-02-26;362
2014-02-27;360
2014-02-28;358
2014-03-01;356
2014-03-02;355
2014-03-03;353
2014-03-04;352
2014-03-05;351
2014-03-06;346
2014-03-07;344
2014-03-08;340
2014-03-09;337
2014-03-10;332
2014-03-11;330
2014-03-12;328
2014-03-13;326
2014-03-14;324
2014-03-15;323
2014-03-16;323
2014-03-17;320
2014-03-18;316
2014-03-19;310
2014-03-20;305
2014-03-21;302
2014-03-22;297
2014-03-23;294
2014-03-24;289
2014-03-25;287
2014-03-26;287
2014-03-27;312
2014-03-28;317
2014-03-29;321
2014-03-30;326
2014-03-31;340
2014-04-01;345
2014-04-02;354
2014-04-03;359
2014-04-04;368
2014-04-05;373
2014-04-06;381
2014-04-07;389
2014-04-08;394
2014-04-09;412
2014-04-10;422
2014-04-11;432
2014-04-12;439
2014-04-13;447
2014-04-14;465
2014-04-15;459
2014-04-16;436
2014-04-17;426
2014-04-18;420
2014-04-19;413
2014-04-20;406
2014-04-21;416
2014-04-22;364
2014-04-23;357
2014-04-24;332
2014-04-25;319
2014-04-26;376
2014-04-27;339
2014-04-28;331
2014-04-29;346
2014-04-30;352
2014-05-01;376
2014-05-02;388
2014-05-03;398
2014-05-04;359
2014-05-05;351
2014-05-06;346
2014-05-07;356
2014-05-08;336
2014-05-09;320
2014-05-10;313
2014-05-11;303
2014-05-12;293
2014-05-13;288
2014-05-14;251
2014-05-15;262
2014-05-16;267
2014-05-17;273
2014-05-18;278
2014-05-19;296
2014-05-20;303
2014-05-21;303
2014-05-22;303
2014-05-23;286
2014-05-24;278
2014-05-25;270
2014-05-26;263
2014-05-27;258
2014-05-28;293
2014-05-29;333
2014-05-30;351
2014-05-31;361
2014-06-01;450
2014-06-02;489
2014-06-03;483
2014-06-04;475
2014-06-05;468
2014-06-06;483
2014-06-07;470
2014-06-08;446
2014-06-09;448
2014-06-10;438
2014-06-11;436
2014-06-12;464
2014-06-13;492
2014-06-14;480
2014-06-15;460
2014-06-16;453
2014-06-17;424
2014-06-18;414
2014-06-19;406
2014-06-20;339
2014-06-21;336
2014-06-22;336
2014-06-23;336
2014-06-24;341
2014-06-25;346
2014-06-26;326
2014-06-27;330
2014-06-28;347
2014-06-29;347
2014-06-30;340
2014-07-01;326
2014-07-02;326
2014-07-03;326
2014-07-04;326
2014-07-05;308
2014-07-06;300
2014-07-07;293
2014-07-08;293
2014-07-09;336
2014-07-10;351
2014-07-11;427
2014-07-12;447
2014-07-13;447
2014-07-14;447
2014-07-15;484
2014-07-16;508
2014-07-17;514
2014-07-18;500
2014-07-19;468
2014-07-20;441
2014-07-21;421
2014-07-22;406
2014-07-23;398
2014-07-24;380
2014-07-25;370
2014-07-26;444
2014-07-27;495
2014-07-28;527
2014-07-29;547
2014-07-30;540
2014-07-31;504
2014-08-01;479
2014-08-02;445
2014-08-03;439
2014-08-04;465
2014-08-05;509
2014-08-06;539
2014-08-07;534
2014-08-08;532
2014-08-09;530
2014-08-10;528
2014-08-11;509
2014-08-12;489
2014-08-13;468
2014-08-14;448
2014-08-15;420
2014-08-16;405
2014-08-17;394
2014-08-18;382
2014-08-19;382
2014-08-20;379
2014-08-21;370
2014-08-22;359
2014-08-23;347
2014-08-24;337
2014-08-25;334
2014-08-26;324
2014-08-27;318
2014-08-28;313
2014-08-29;313
2014-08-30;313
2014-08-31;302
2014-09-01;302
2014-09-02;326
2014-09-03;341
2014-09-04;356
2014-09-05;366
2014-09-06;366
2014-09-07;366
2014-09-08;344
2014-09-09;330
2014-09-10;321
2014-09-11;312
2014-09-12;302
2014-09-13;293
2014-09-14;283
2014-09-15;281
2014-09-16;294
2014-09-17;309
2014-09-18;319
2014-09-19;313
2014-09-20;303
2014-09-21;355
2014-09-22;365
2014-09-23;372
2014-09-24;362
2014-09-25;362
2014-09-26;357
2014-09-27;350
2014-09-28;342
2014-09-29;311
2014-09-30;303
2014-10-01;298
2014-10-02;293
2014-10-03;283
2014-10-04;278
2014-10-05;270
2014-10-06;266
2014-10-07;260
2014-10-08;255
2014-10-09;250
2014-10-10;240
2014-10-11;235
2014-10-12;230
2014-10-13;224
2014-10-14;220
2014-10-15;217
2014-10-16;214
2014-10-17;210
2014-10-18;206
2014-10-19;203
2014-10-20;200
2014-10-21;196
2014-10-22;190
2014-10-23;186
2014-10-24;180
2014-10-25;176
2014-10-26;170
2014-10-27;165
2014-10-28;162
2014-10-29;160
2014-10-30;155
2014-10-31;153
2014-11-01;150
2014-11-02;145
2014-11-03;140
2014-11-04;137
2014-11-05;135
2014-11-06;130
2014-11-07;127
2014-11-08;125
2014-11-09;120
2014-11-10;116
2014-11-11;113
2014-11-12;110
2014-11-13;107
2014-11-14;105
2014-11-15;102
2014-11-16;100
2014-11-17;97
2014-11-18;95
2014-11-19;90
2014-11-20;87
2014-11-21;121
2014-11-22;129
2014-11-23;133
2014-11-24;287
2014-11-25;336
2014-11-26;317
2014-11-27;308
2014-11-28;302
2014-11-29;299
2014-11-30;294
2014-12-01;292
2014-12-02;291
2014-12-03;288
2014-12-04;287
2014-12-05;285
2014-12-06;284
2014-12-07;283
2014-12-08;282
2014-12-09;281
2014-12-10;280
2014-12-11;279
2014-12-12;279
2014-12-13;280
2014-12-14;281
2014-12-15;279
2014-12-16;277
2014-12-17;276
2014-12-18;275
2014-12-19;274
2014-12-20;273
2014-12-21;272
2014-12-22;271
2014-12-23;270
2014-12-24;268
2014-12-25;267
2014-12-26;266
2014-12-27;265
2014-12-28;264
2014-12-29;263
2014-12-30;263
2014-12-31;262
2016-01-16;193
2016-01-17;191
2016-01-18;191
2016-01-19;190
2016-01-20;189
2016-01-21;189
2016-01-22;189
2016-01-23;189
2016-01-24;189
2016-01-25;189
2016-01-26;187
2016-01-27;186
2016-01-28;186
2016-01-29;186
2016-01-30;189
2016-01-31;189
2016-02-01;189
2016-02-02;188
2016-02-03;188
2016-02-04;188
2016-02-05;188
2016-02-06;187
2016-02-07;189
2016-02-08;188
2016-02-09;188
2016-02-10;188
2016-02-11;187
2016-02-12;188
2016-02-13;184
2016-02-14;186
2016-02-15;187
2016-02-16;187
2016-02-17;187
2016-02-18;185
2016-02-19;185
2016-02-20;185
2016-02-21;185
2016-02-22;185
2016-02-23;185
2016-02-24;185
2016-02-25;185
2016-02-26;188
2016-02-27;189
2016-02-28;189
2016-02-29;189
2016-03-01;189
2016-03-02;189
2016-03-03;189
2016-03-04;189
2016-03-05;189
2016-03-06;189
2016-03-07;189
2016-03-13;189
2016-03-14;189
2016-03-18;197
2016-03-19;197
2018-05-30;366
2018-05-31;360
2018-06-01;353
2018-06-02;303
2018-06-03;289
2018-06-04;276
2018-06-05;263
2018-06-06;256
2018-06-07;249
2018-06-08;241
2018-06-09;236
2018-06-10;236
2018-06-11;238
2018-06-12;250
2018-06-13;260
2018-06-14;274
2018-06-15;289
2018-06-16;294
2018-06-17;309
2018-06-18;314
2018-06-19;307
2018-06-20;353
2018-06-21;419
2018-06-22;457
2018-06-23;493
2018-06-24;525
2018-06-25;544
2018-06-26;547
2018-06-27;520
2018-06-28;472
2018-06-29;417
2018-06-30;386
2018-07-01;372
2018-07-02;358
2018-07-03;391
2018-07-04;433
2018-07-05;449
2018-07-06;501
2018-07-07;544
2018-07-08;544
2018-07-09;534
2018-07-10;554
2018-07-11;562
2018-07-12;558
2018-07-13;556
2018-07-14;568
2018-07-15;598
2018-07-16;633
2018-07-17;669
2018-07-18;704
2018-07-19;752
2018-07-20;807
2018-07-21;854
2018-07-22;890
2018-07-23;910
2018-07-24;913
2018-07-25;912
2018-07-26;901
2018-07-27;872
2018-07-28;836
2018-07-29;814
2018-07-30;804
2018-07-31;779
2018-08-01;740
2018-08-02;703
2018-08-03;674
2018-08-04;648
2018-08-05;622
2018-08-06;598
2018-08-07;575
2018-08-08;552
2018-08-09;532
2018-08-10;517
2018-08-11;510
2018-08-12;500
2018-08-13;496
2018-08-14;496
2018-08-15;501
2018-08-16;508
2018-08-17;510
2018-08-18;502
2018-08-19;485
2018-08-20;465
2018-08-21;446
2018-08-22;439
2018-08-23;433
2018-08-24;430
2018-08-25;430
2018-08-26;431
2018-08-27;434
2018-08-28;431
2018-08-29;425
2018-08-30;418
2018-08-31;410
2018-09-01;400
2018-09-02;392
2018-09-03;384
2018-09-04;383
2018-09-05;390
2018-09-06;391
2018-09-07;382
2018-09-08;376
2018-09-09;380
2018-09-10;402
2018-09-11;426
2018-09-12;438
2018-09-13;441
2018-09-14;439
2018-09-15;443
2018-09-16;442
2018-09-17;434
2018-09-18;428
2018-09-19;446
2018-09-20;477
2018-09-21;499
2018-09-22;518
2018-09-23;523
2018-09-24;514
2018-09-25;496
2018-09-26;474
2018-09-27;455
2018-09-28;452
2018-09-29;459
2018-09-30;465
2018-10-01;463
2018-10-02;458
2018-10-03;451
2018-10-04;440
2018-10-05;429
2018-10-06;415
2018-10-07;404
2018-10-08;396
2018-10-09;392
2018-10-10;389
2018-10-11;385
2018-10-12;382
2018-10-13;380
2018-10-14;380
2018-10-15;380
2018-10-16;378
2018-10-17;374
2018-10-18;369
2018-10-19;365
2018-10-20;361
2018-10-21;358
2018-10-22;351
2018-10-23;344
2018-10-24;338
2018-10-25;332
2018-10-26;328
2018-10-27;326
2018-10-28;324
2018-10-29;322
2018-10-30;322
2018-10-31;322
2018-11-01;324
2018-11-02;323
2018-11-03;318
2018-11-04;313
2018-11-05;299
2018-11-06;277
2018-11-07;273
2018-11-08;269
2018-11-09;259
2018-11-10;245
2018-11-11;236
2018-11-12;238
2018-11-13;230
2018-11-14;219
2018-11-15;206
2018-11-16;189
2018-11-17;172
2018-11-18;169
2018-11-19;161
2018-11-20;142
2018-11-21;117
2018-11-22;89
2018-11-23;80
2018-11-24;82
2018-11-25;97
2018-11-26;114
2018-11-27;128
2018-11-28;128
2018-11-29;130
2018-11-30;141
2018-12-01;153
2018-12-02;167
2018-12-03;169
2018-12-04;166
2018-12-05;208
2018-12-06;280
2018-12-07;301
2018-12-08;307
2018-12-09;318
2018-12-10;328
2018-12-11;339
2018-12-12;345
2018-12-13;350
2018-12-14;350
2018-12-15;350
2018-12-16;356
2018-12-17;361
2018-12-18;367
2018-12-19;365
2018-12-20;362
2018-12-21;362
2018-12-22;363
2018-12-23;362
2018-12-24;359
2018-12-25;357
2018-12-26;354
2018-12-27;350
2018-12-28;346
2018-12-29;342
2018-12-30;339
2018-12-31;336
2019-01-09;317
2019-01-14;311
2019-01-19;301
2019-01-24;293
2019-01-30;279
2019-02-09;257
2019-02-14;261
2019-02-19;249
2019-02-24;248
2019-02-27;245
2019-03-04;246
2019-03-09;242
2019-03-14;252
2019-03-19;260
2019-03-24;260
2019-03-25;261
2019-03-26;262
2019-03-27;262
2019-03-28;261
2019-03-29;259
2019-03-30;258
2019-03-31;259
2019-04-01;260
2019-04-02;261
2019-04-03;259
2019-04-04;256
2019-04-05;256
2019-04-06;258
2019-04-07;260
2019-04-08;260
2019-04-09;263
2019-04-10;269
2019-04-11;270
2019-04-12;276
2019-04-13;283
2019-04-14;283
2019-04-15;286
2019-04-16;288
2019-04-17;292
2019-04-18;296
2019-04-19;297
2019-04-20;301
2019-04-21;302
2019-04-22;359
2019-04-23;357
2019-04-24;435
2019-04-25;391
2019-04-26;218
2019-04-27;218
2019-04-28;227
2019-04-29;205
2019-04-30;190
2019-05-01;175
2019-05-02;191
2019-05-03;212
2019-05-04;279
2019-05-05;285
2019-05-06;378
2019-05-07;380
2019-05-08;364
2019-05-09;379
2019-05-10;378
2019-05-11;363
2019-05-12;350
2019-05-13;335
2019-05-14;322
2019-05-15;320
2019-05-16;314
2019-05-17;316
2019-05-18;326
2019-05-19;344
2019-05-20;380
2019-05-21;426
2019-05-22;483
2019-05-23;544
2019-05-24;597
2019-05-25;624
2019-05-26;632
2019-05-27;638
2019-05-28;626
2019-05-29;588
2019-05-30;550
2019-05-31;518
2019-06-01;495
2019-06-02;472
2019-06-03;454
2019-06-04;439
2019-06-05;419
2019-06-06;398
2019-06-07;379
2019-06-08;363
2019-06-09;350
2019-06-10;341
2019-06-11;334
2019-06-12;326
2019-06-13;318
2019-06-14;317
2019-06-15;311
2019-06-16;312
2019-06-17;335
2019-06-18;351
2019-06-19;357
2019-06-20;356
2019-06-21;349
2019-06-22;336
2019-06-23;326
2019-06-24;317
2019-06-25;319
2019-06-26;316
2019-06-27;311
2019-06-28;313
2019-06-29;345
2019-06-30;412
2019-07-01;464
2019-07-02;495
2019-07-03;484
2019-07-04;424
2019-07-05;380
2019-07-06;353
2019-07-07;340
2019-07-08;349
2019-07-09;355
2019-07-10;368
2019-07-11;398
2019-07-12;410
2019-07-13;397
2019-07-14;378
2019-07-15;372
2019-07-16;385
2019-07-17;405
2019-07-18;412
2019-07-19;409
2019-07-20;426
2019-07-21;449
2019-07-22;476
2019-07-23;490
2019-07-24;496
2019-07-25;497
2019-07-26;529
2019-07-27;665
2019-07-28;770
2019-07-29;807
2019-07-30;812
2019-07-31;811
2019-08-01;819
2019-08-02;838
2019-08-03;841
2019-08-04;821
2019-08-05;771
2019-08-06;719
2019-08-07;692
2019-08-08;681
2019-08-09;665
2019-08-10;647
2019-08-11;627
2019-08-12;600
2019-08-13;567
2019-08-14;533
2019-08-15;503
2019-08-16;480
2019-08-17;463
2019-08-18;450
2019-08-19;445
2019-08-20;434
2019-08-21;432
2019-08-22;435
2019-08-23;449
2019-08-24;470
2019-08-25;484
2019-08-26;484
2019-08-27;476
2019-08-28;470
2019-08-29;472
2019-08-30;473
2019-08-31;460
2019-09-01;451
2019-09-02;451
2019-09-03;450
2019-09-04;454
2019-09-05;457
2019-09-06;454
2019-09-07;451
2019-09-08;448
2019-09-09;442
2019-09-10;432
2019-09-11;426
2019-09-12;425
2019-09-13;422
2019-09-14;426
2019-09-15;470
2019-09-16;483
2019-09-17;494
2019-09-18;491
2019-09-19;492
2019-09-20;506
2019-09-21;511
2019-09-22;510
2019-09-23;510
2019-09-24;511
2019-09-25;511
2019-09-26;506
2019-09-27;495
2019-09-28;483
2019-09-29;473
2019-09-30;466
2019-10-01;457
2019-10-02;445
2019-10-03;433
2019-10-04;423
2019-10-05;415
2019-10-06;408
2019-10-07;400
2019-10-08;393
2019-10-09;387
2019-10-10;384
2019-10-11;377
2019-10-12;370
2019-10-13;366
2019-10-14;363
2019-10-15;360
2019-10-16;358
2019-10-17;354
2019-10-18;349
2019-10-19;341
2019-10-20;332
2019-10-21;327
2019-10-22;320
2019-10-23;317
2019-10-24;314
2019-10-25;312
2019-10-26;310
2019-10-27;306
2019-10-28;303
2019-10-29;302
2019-10-30;298
2019-10-31;295
2019-11-01;292
2019-11-02;285
2019-11-03;261
2019-11-04;262
2019-11-05;261
2019-11-06;263
2019-11-07;238
2019-11-08;209
2019-11-09;205
2019-11-10;212
2019-11-11;212
2019-11-12;193
2019-11-13;174
2019-11-14;166
2019-11-15;154
2019-11-16;133
2019-11-17;111
2019-11-18;116
2019-11-19;127
2019-11-20;124
2019-11-21;133
2019-11-22;151
2019-11-23;165
2019-11-24;162
2019-11-25;165
2019-11-29;189
2019-12-04;196
2019-12-09;397
2019-12-14;398
2019-12-19;395
2019-12-24;372
2019-12-30;356
2020-01-04;347
2020-01-09;337
2020-01-14;327
2020-01-19;321
2020-01-30;305
2020-02-04;300
2020-02-09;294
2020-02-19;279
2020-02-24;274
2020-02-28;272
2020-03-04;274
2020-03-09;264
2020-03-14;259
2020-03-19;254
2020-03-24;263
2020-03-25;264
2020-03-26;264
2020-03-27;264
2020-03-28;266
2020-03-29;267
2020-03-30;271
2020-03-31;274
2020-04-01;274
2020-04-02;277
2020-04-03;279
2020-04-04;279
2020-04-05;283
2020-04-06;283
2020-04-07;284
2020-04-08;287
2020-04-09;289
2020-04-10;296
2020-04-11;304
2020-04-12;304
2020-04-13;319
2020-04-14;321
2020-04-15;249
2020-04-16;75
2020-04-17;63
2020-04-18;61
2020-04-19;58
2020-04-20;67
2020-04-21;238
2020-04-22;236
2020-04-23;293
2020-04-24;308
2020-04-25;296
2020-04-26;317
2020-04-27;309
2020-04-28;298
2020-04-29;276
2020-04-30;327
2020-05-01;302
2020-05-02;377
2020-05-03;384
2020-05-04;353
2020-05-05;353
2020-05-06;356
2020-05-07;376
2020-05-08;385
2020-05-09;374
2020-05-10;360
2020-05-11;344
2020-05-12;326
2020-05-13;315
2020-05-14;319
2020-05-15;331
2020-05-16;347
2020-05-17;358
2020-05-18;352
2020-05-19;339
2020-05-20;354
2020-05-21;388
2020-05-23;400
2020-05-24;388
2020-05-25;379
2020-05-26;392
2020-05-27;424
2020-05-28;437
2020-05-29;429
2020-05-30;406
2020-05-31;386
2020-06-01;368
2020-06-02;355
2020-06-03;350
2020-06-04;344
2020-06-05;361
2020-06-06;400
2020-06-08;390
2020-06-09;384
2020-06-10;345
2020-06-11;345
2020-06-12;340
2020-06-13;357
2020-06-14;409
2020-06-15;473
2020-06-16;522
2020-06-17;549
2020-06-18;532
2020-06-19;494
2020-06-20;457
2020-06-21;431
2020-06-22;414
2020-06-23;395
2020-06-24;378
2020-06-25;382
2020-06-26;399
2020-06-27;441
2020-06-28;469
2020-06-29;465
2020-06-30;441
2020-07-01;417
2020-07-02;394
2020-07-03;372
2020-07-04;352
2020-07-05;339
2020-07-06;326
2020-07-07;316
2020-07-08;308
2020-07-09;302
2020-07-10;297
2020-07-11;296
2020-07-12;294
2020-07-13;292
2020-07-14;290
2020-07-15;288
2020-07-16;286
2020-07-17;279
2020-07-18;270
2020-07-19;264
2020-07-20;262
2020-07-21;266
2020-07-22;274
2020-07-23;290
2020-07-24;306
2020-07-25;328
2020-07-26;363
2020-07-27;409
2020-07-28;442
2020-07-29;452
2020-07-30;441
2020-07-31;430
2020-08-01;426
2020-08-02;422
2020-08-03;408
2020-08-04;403
2020-08-05;403
2020-08-06;415
2020-08-07;450
2020-08-08;492
2020-08-09;530
2020-08-10;579
2020-08-11;589
2020-08-12;570
2020-08-13;549
2020-08-14;554
2020-08-15;612
2020-08-16;670
2020-08-17;701
2020-08-18;728
2020-08-19;756
2020-08-20;761
2020-08-21;749
2020-08-22;734
2020-08-23;719
2020-08-24;712
2020-08-25;712
2020-08-26;708
2020-08-27;694
2020-08-28;684
2020-08-29;680
2020-08-30;685
2020-08-31;705
2020-09-01;730
2020-09-02;735
2020-09-03;717
2020-09-04;700
2020-09-05;712
2020-09-06;725
2020-09-07;725
2020-09-08;751
2020-09-09;766
2020-09-10;766
2020-09-11;776
2020-09-12;790
2020-09-13;799
2020-09-14;791
2020-09-15;765
2020-09-16;726
2020-09-17;686
2020-09-18;660
2020-09-19;639
2020-09-20;624
2020-09-21;611
2020-09-22;599
2020-09-23;592
2020-09-24;588
2020-09-25;587
2020-09-26;584
2020-09-27;579
2020-09-28;576
2020-09-29;584
2020-09-30;603
2020-10-01;622
2020-10-02;628
2020-10-03;633
2020-10-04;640
2020-10-05;642
2020-10-06;632
2020-10-07;617
2020-10-08;598
2020-10-09;582
2020-10-10;568
2020-10-11;555
2020-10-12;542
2020-10-13;532
2020-10-14;522
2020-10-15;517
2020-10-16;515
2020-10-17;514
2020-10-18;509
2020-10-19;499
2020-10-20;484
2020-10-21;470
2020-10-22;458
2020-10-23;445
2020-10-24;433
2020-10-25;423
2020-10-26;413
2020-10-27;405
2020-10-28;400
2020-10-29;392
2020-10-30;383
2020-10-31;377
2020-11-01;372
2020-11-02;364
2020-11-03;362
2020-11-04;342
2020-11-05;338
2020-11-06;328
2020-11-07;317
2020-11-08;314
2020-11-09;308
2020-11-10;280
2020-11-11;276
2020-11-12;269
2020-11-13;265
2020-11-14;251
2020-11-15;233
2020-11-16;237
2020-11-17;227
2020-11-18;219
2020-11-19;217
2020-11-20;213
2020-11-21;204
2020-11-22;197
2020-11-23;196
2020-11-24;189
2020-11-25;187
2020-11-26;182
2020-11-27;179
2020-11-28;179
2020-11-29;183
2020-11-30;185
2020-12-01;196
2021-03-19;273
2021-03-20;273
2021-03-24;279
2021-03-25;281
2021-03-26;281
2021-03-27;280
2021-03-28;281
2021-03-29;286
2021-03-30;293
2021-03-31;297
2021-04-01;302
2021-04-02;310
2021-04-03;317
2021-04-04;320
2021-04-05;326
2021-04-06;332
2021-04-07;339
2021-04-08;346
2021-04-09;351
2021-04-10;351
2021-04-11;356
2021-04-12;360
2021-04-13;358
2021-04-14;363
2021-04-15;368
2021-04-16;374
2021-04-17;374
2021-04-18;378
2021-04-19;396
2021-04-20;393
2021-04-21;398
2021-04-22;430
2021-04-23;246
2021-04-24;276
2021-04-25;310
2021-04-26;404
2021-04-27;458
2021-04-28;414
2021-04-29;527
2021-04-30;578
2021-05-01;571
2021-05-02;572
2021-05-03;609
2021-05-04;601
2021-05-06;596
2021-05-07;593
2021-05-08;598
2021-05-09;665
2021-05-10;733
2021-05-11;785
2021-05-12;812
2021-05-13;800
2021-05-14;748
2021-05-15;685
2021-05-16;641
2021-05-17;650
2021-05-18;708
2021-05-19;775
2021-05-20;843
2021-05-21;883
2021-05-22;866
2021-05-23;800
2021-05-24;732
2021-05-25;685
2021-05-26;652
2021-05-27;648
2021-05-28;690
2021-05-29;772
2021-05-30;842
2021-05-31;888
2021-06-01;899
2021-06-02;880
2021-06-03;837
2021-06-04;788
2021-06-05;737
2021-06-06;716
2021-06-07;735
2021-06-08;770
2021-06-09;798
2021-06-10;821
2021-06-11;842
2021-06-12;849
2021-06-13;849
2021-06-14;777
2021-06-15;683
2021-06-16;641
2021-06-17;641
2021-06-18;648
2021-06-19;663
2021-06-20;703
2021-06-21;790
2021-06-22;877
2021-06-23;953
2021-06-24;1017
2021-06-25;1060
2021-06-27;1101
2021-06-28;1104
2021-06-29;1094
2021-06-30;1066
2021-07-01;1028
2021-07-02;966
2021-07-03;849
2021-07-04;767
2021-07-05;730
2021-07-06;702
2021-07-07;672
2021-07-08;651
2021-07-09;638
2021-07-10;625
2021-07-11;607
2021-07-12;591
2021-07-13;579
2021-07-14;569
2021-07-15;574
2021-07-16;592
2021-07-17;620
2021-07-18;639
2021-07-19;663
2021-07-20;723
2021-07-21;801
2021-07-22;852
2021-07-23;877
2021-07-24;864
2021-07-25;829
2021-07-26;789
2021-07-27;753
2021-07-28;735
2021-07-29;759
2021-07-30;806
2021-07-31;840
2021-08-01;858
2021-08-02;870
2021-08-03;879
2021-08-04;898
2021-08-05;931
2021-08-06;956
2021-08-07;969
2021-08-08;979
2021-08-09;980
2021-08-10;981
2021-08-11;988
2021-08-12;1001
2021-08-13;1012
2021-08-14;1016
2021-08-15;1016
2021-08-16;1013
2021-08-17;1001
2021-08-18;970
2021-08-19;915
2021-08-21;812
2021-08-22;779
2021-08-23;762
2021-08-24;753
2021-08-25;749
2021-08-26;771
2021-08-27;810
2021-08-28;832
2021-08-29;850
2021-08-30;873
2021-08-31;894
2021-09-01;905
2021-09-02;895
2021-09-03;870
2021-09-04;837
2021-09-05;803
2021-09-06;762
2021-09-07;725
2021-09-08;696
2021-09-09;670
2021-09-10;652
2021-09-11;645
2021-09-12;655
2021-09-13;687
2021-09-14;734
2021-09-15;768
2021-09-16;791
2021-09-17;806
2021-09-18;814
2021-09-19;806
2021-09-20;782
2021-09-21;762
2021-09-22;750
2021-09-23;742
2021-09-24;728
2021-09-25;708
2021-09-26;694
2021-09-27;680
2021-09-28;666
2021-09-29;654
2021-09-30;645
2021-10-01;643
2021-10-02;656
2021-10-03;676
2021-10-04;683
2021-10-05;682
2021-10-06;682
2021-10-07;673
2021-10-08;654
2021-10-09;634
2021-10-10;618
2021-10-11;609
2021-10-12;600
2021-10-13;589
2021-10-14;580
2021-10-15;580
2021-10-16;578
2021-10-17;575
2021-10-18;569
2021-10-19;558
2021-10-20;542
2021-10-21;525
2021-10-22;505
2021-10-23;490
2021-10-24;478
2021-10-25;469
2021-10-26;464
2021-10-27;460
2021-10-28;457
2021-10-29;452
2021-10-30;446
2021-10-31;434
2021-11-01;426
2021-11-02;418
2021-11-03;407
2021-11-04;400
2021-11-05;396
2021-11-06;388
2021-11-07;381
2021-11-08;367
2021-11-09;365
2021-11-10;354
2021-11-11;350
2021-11-12;344
2021-11-13;338
2021-11-14;324
2021-11-15;301
2021-11-16;303
2021-11-17;307
2021-11-18;316
2021-11-19;290
2021-11-20;258
2021-11-21;252
2021-11-22;246
2021-11-23;229
2021-11-24;208
2021-11-25;212
2021-11-26;237
2021-11-27;255
2021-11-28;238
2021-11-29;224
2021-11-30;224
